customer_id,first_name,last_name,Age,gender,Annual_income,spending_score
01JMRS0NAKT4JBZ7P79H5C3G1N,Flore,Bondesen,29,Female,$78130.22,3.95
01JMRS0NAMGY6QSFT4B192F3F2,Martina,Sweet,36,Female,$91532.64,1.51
01JMRS0NANQ7CZGQMDG1YF1C0G,Aggi,Jellett,18,Female,$83951.49,8.02
01JMRS0NAN9V8TH1SECREJP186,Royal,Lundy,35,Male,$35345.78,6.41
01JMRS0NAPZ8P6TZ4XK49XBT3M,Penny,Arbuckle,27,Female,$88320.98,9.94
01JMRS0NAQMABYJNKP8DFJX2JX,Eberhard,Verry,34,Male,$29940.41,2.51
01JMRS0NAQZP07AH1QMC1HXS1N,Bunnie,Wyche,32,Female,$43374.39,3.46
01JMRS0NARQ601QX4WEB944H4W,Moises,Sporle,25,Male,$24879.20,1.79
01JMRS0NASD4JH7QKEF2H5MX5J,Mischa,Morfell,19,Male,$61776.96,8.95
01JMRS0NATM66DYJXVT4N8N41B,Carly,Findlater,29,Male,$62838.59,2.01
01JMRS0NAT8CSBRZ9JPFZE451E,Ignacio,Mantripp,14,Male,$75322.42,9.36
01JMRS0NAV2EWQQR4C6JRP8TYE,Bealle,Attwill,21,Male,$69753.71,6.15
01JMRS0NAW9K4BZBHVQ072K176,Lebbie,Phetteplace,33,Female,$83114.15,1.14
01JMRS0NAWPK0J486776ZHBDZJ,Morganica,Dulieu,26,Female,$84946.97,4.1
01JMRS0NAX5TJV0NGEBS6W78HY,Dionis,Carine,19,Female,$52252.95,1.86
01JMRS0NAYBT3FHNNQKXNKQXS8,Malinda,Hulke,20,Female,$82816.30,2.85
01JMRS0NAY495DKV1JC0EZV1H9,Ingunna,Saylor,36,Female,$29911.03,3.68
01JMRS0NB0B9EJWFE5GS8B3BZ9,Anjela,Fawcus,18,Female,$63842.04,9.99
01JMRS0NB1Q2Y3NKHHZYTE6ZAB,Deedee,Shedd,29,Female,$96299.01,8.54
01JMRS0NB2K9Q04WNF9FF9YBA1,Norton,Kennerknecht,34,Male,$55678.06,5.14
01JMRS0NB2WWVENRE30RFPP858,Juan,Worsham,27,Male,$39692.80,8.53
01JMRS0NB3YHTG0VMEZNG3FX8R,Eustacia,Fairnington,18,Female,$32082.16,3.0
01JMRS0NB4DSCE9K2PBZKPC990,Meggie,Arnaldo,32,Female,$46999.92,6.89
01JMRS0NB44EJG9WX81HCV3YT1,Marci,Hasney,31,Female,$73524.62,3.02
01JMRS0NB5KTFR8MNT31KCSTAA,Roy,Loggie,12,Male,$94292.60,3.96
01JMRS0NB6ZG4RGBGS547H266P,Tana,Berg,25,Female,$35713.39,5.53
01JMRS0NB603PFZ3V73C05Z7QZ,Gloria,Bicknell,20,Female,$51428.81,3.9
01JMRS0NB700FQ7BHWB7D0NWZS,Prudi,Bridger,21,Female,$83008.46,7.23
01JMRS0NB8389EGZXPAJ6EA834,Yorker,Peck,17,Male,$87723.72,5.91
01JMRS0NB8NVH8JWJ8ZZR2K1ZH,Kyle,Reddlesden,34,Female,$56389.34,9.75
01JMRS0NB9MY1M0SC8XEX4WT47,Dot,Sheivels,16,Female,$94308.17,3.54
01JMRS0NBAK9D9H6TAY59WTXTT,Burr,Plover,19,Male,$86534.77,8.38
01JMRS0NBAXG63RYJKGN2WQYC0,Malvin,Chudleigh,33,Bigender,$23630.55,9.6
01JMRS0NBB9PWCJW02PR35B3M4,Rock,Coppard,16,Male,$48722.20,6.95
01JMRS0NBC9XCMF5WDWS0GZD6M,Terry,Vaudre,29,Female,$89949.39,4.86
01JMRS0NBDPCDP7B2JJQN5Y7V5,Barny,Elfe,15,Male,$22457.75,8.47
01JMRS0NBDGJ6DV9MHZ8PT0XNE,Albrecht,Bynold,14,Male,$54116.61,3.89
01JMRS0NBEKN7YHKEX6X6APBY6,Edgardo,Baggs,19,Male,$74497.24,8.45
01JMRS0NBFA3ZH56THF9DD1V2J,Adelina,Gigg,28,Female,$57549.31,4.38
01JMRS0NBGWNM2WW6RJZPW7ZPF,Lorilyn,Hounson,29,Non-binary,$19008.42,4.32
01JMRS0NBHCT2V927TPE4PZPDJ,Rubin,Andrzejczak,27,Male,$42860.47,1.49
01JMRS0NBJS38N8PTBH6485H03,Ewen,Rosenkranc,16,Male,$25403.62,7.19
01JMRS0NBKN0B7MBWTJN45474Y,Lucius,Bursnoll,31,Male,$10771.07,7.36
01JMRS0NBMZ5PXKBMHN0NXZMRP,Sharline,Pyke,22,Female,$84648.32,8.91
01JMRS0NBMYW507FE3QZ72NA9B,Taffy,Lackney,27,Female,$78607.04,5.16
01JMRS0NBNJBESKVK7XEGBVWZV,Gardy,Ciccottio,27,Male,$11786.87,4.22
01JMRS0NBPJ6NGZZWP30B683PN,Matthaeus,Alebrooke,23,Male,$61174.14,5.48
01JMRS0NBPMM47RD1Q82B8ACRS,Esdras,Fraanchyonok,16,Male,$88071.93,5.34
01JMRS0NBQBST8VX5S47ZH153Z,Cora,Stickney,12,Female,$55840.45,8.88
01JMRS0NBRHWE3AQGDRJZ85SPY,Mildrid,Blay,34,Female,$54750.82,2.43
01JMRS0NBR7VVEKG1SXA3RKY4M,Dorella,Trevor,28,Female,$89972.19,5.22
01JMRS0NBSR59G238HH88SN1QY,Rochester,Goodrum,18,Male,$33827.38,1.58
01JMRS0NBTM56ERDQ56XCDN1C8,Estevan,Stute,26,Non-binary,$93891.29,5.64
01JMRS0NBTERPA0B0RAF4R2P3X,Sheena,Benzi,23,Non-binary,$73357.99,7.54
01JMRS0NBVXZ3BS71HW4SQXH56,Lindy,Murfett,30,Bigender,$69235.26,7.99
01JMRS0NBW0C4J7PZ6VQGS34RX,Barrett,Chichgar,18,Male,$30044.59,9.24
01JMRS0NBWMHBPBGHCF45BPM05,Piper,Kingsbury,17,Female,$32482.37,3.8
01JMRS0NBXN590DM63T5E3E1J0,Merl,Bertson,30,Female,$69408.86,8.97
01JMRS0NBYBN4NX3J28JJB8PGY,Tiertza,Greeve,36,Genderfluid,$76984.49,6.72
01JMRS0NBY12R58H3QNE8CXS2W,Rosabelle,Nials,26,Female,$82404.80,5.83
01JMRS0NBZMF4B93F9QHRVNJMM,Koenraad,Pietrowski,32,Male,$21067.94,5.73
01JMRS0NC04GSZ3JNX0HEM4ZE6,Lanae,Lax,17,Female,$36152.29,5.01
01JMRS0NC0ARSJ5KSF0EBWGD5Z,Noak,Davis,21,Male,$78232.23,2.57
01JMRS0NC1CZEY7YQYDFRKA3QA,Harris,Kester,14,Male,$66124.81,5.09
01JMRS0NC2QXZMD2CRTY5D4V33,Maurits,Killiner,12,Male,$56411.82,2.92
01JMRS0NC20H62D7E04FTBTYFZ,De,Paz,13,Female,$43854.79,4.73
01JMRS0NC30BBN8VKDJT4X88DM,Shermie,Jaggli,12,Male,$42362.52,7.75
01JMRS0NC4J9MJCMP28WXSGG8E,Doug,Thirlwall,35,Male,$94439.42,8.89
01JMRS0NC41WAQA4DA3N8QXPHS,Maynord,Betchley,33,Male,$93131.12,3.04
01JMRS0NC58P800NSMTSQRF21G,Camey,Townson,21,Male,$36213.06,4.23
01JMRS0NC6ZNGZ33WQBSHRE1TC,Jeremiah,Batterton,25,Male,$93121.75,9.33
01JMRS0NC62V80VF8X4Q0YNYBD,Sonnie,Cicculi,21,Female,$20425.44,1.85
01JMRS0NC72VH3RD84SZC0K479,Pris,Moules,35,Female,$26050.17,1.61
01JMRS0NC87KEG0ND51NB4F4A0,Alric,Knight,33,Polygender,$59631.87,1.77
01JMRS0NC90JQ6QPYRST40ATFS,Gasper,Metrick,28,Male,$60097.37,5.76
01JMRS0NC9P4726K88Q4M3BYXQ,Dell,Dickin,29,Female,$74185.42,5.13
01JMRS0NCA0JBFD43AV42WN5Q8,Jaymie,Stallen,23,Male,$68891.86,6.57
01JMRS0NCCYHNYZ51TNV8NVBCE,Enriqueta,Muglestone,15,Female,$32829.71,1.77
01JMRS0NCDCBJFMK9MBXT91WDS,Stuart,Flacknell,32,Male,$73681.51,7.74
01JMRS0NCDRPVETDBH38RAJG40,Desdemona,Reynault,32,Female,$45860.52,7.19
01JMRS0NCE528N26B9QPVMBP6Z,Gay,Furmage,16,Female,$47012.74,8.96
01JMRS0NCFYH3ER5XFEV0RKJA8,Park,Warwick,28,Male,$38972.93,4.65
01JMRS0NCFBCHF6R31X1P05FXQ,Eloise,Semkins,12,Female,$70958.61,1.03
01JMRS0NCG7DCEQ2CBMKJ2858Z,Jerrold,Waycot,18,Male,$19267.86,5.31
01JMRS0NCHYWJ8Z50MQY0066WW,Anabelle,Wann,21,Female,$15085.15,6.15
01JMRS0NCHN1P4HJSVWJ1J1J0W,Livvyy,Cotton,17,Genderqueer,$25966.17,8.49
01JMRS0NCJQZTFAS64QHAXZEXV,Michele,Caush,20,Male,$10679.69,6.69
01JMRS0NCKGBZW0TCY4YXC991M,Dal,Holworth,21,Male,$79497.94,7.26
01JMRS0NCKZYRRTTHY3DS3SZ31,Wilbert,Fabbro,35,Male,$21074.78,5.42
01JMRS0NCMEZE100ZRT560GRJY,Lark,Turpin,35,Female,$35929.03,9.33
01JMRS0NCNVGJ0CZ58S0H2HHJ7,Ruthi,McParland,33,Female,$51735.48,1.96
01JMRS0NCP5VZ78F6QV12NW1PT,Andie,Slyme,21,Male,$33163.50,5.2
01JMRS0NCPJGG82KE0C62SQQYJ,Amalia,Alekseev,25,Female,$95834.75,6.64
01JMRS0NCQ48JKRDJ5NEP79VJ0,Doralyn,Clacson,26,Female,$98776.80,7.72
01JMRS0NCQ2C1G96JSJR2WW897,Reed,Frankiss,16,Male,$97058.62,2.47
01JMRS0NCRTY5AE7KMNKQA78RN,Giacomo,Stobbe,20,Male,$57370.79,6.45
01JMRS0NCS00J3MC847GP1HY8S,Marlyn,Colliard,25,Female,$39063.15,9.24
01JMRS0NCSH89WRJVPR37B8XJQ,Maddalena,Pavett,22,Female,$60660.87,8.68
01JMRS0NCTCCYT6QGCZH91QG1P,Carley,Week,12,Female,$25129.88,8.64
01JMRS0NCVKS4CA18TTQ9WNTTF,Ransell,Goulborne,25,Male,$72369.07,6.11
01JMRS0NCWQB83HYWBARVA2G58,Chrystel,Quelch,25,Female,$14853.04,1.16
01JMRS0NCWQXDDR59F9HE3D2Q5,Perrine,Immins,21,Female,$24975.72,6.73
01JMRS0NCXJ5P66B44GQREV4ZP,Brandyn,Gander,22,Male,$32351.98,8.93
01JMRS0NCY4DAKWHY8SABEDESG,Ruprecht,Stevani,20,Male,$32428.15,9.91
01JMRS0NCY92X7XEJTDT0Q653E,Durant,Awmack,15,Male,$53091.56,9.72
01JMRS0NCZTV4JWESA5PF2SJ4E,Maureen,Iwanczyk,30,Female,$80623.04,7.22
01JMRS0ND068PBMKFJTD7TEQY6,Currie,Hartzenberg,28,Male,$47796.61,8.29
01JMRS0ND11M764RCFSX7C38BP,Harp,Jeyes,30,Male,$90357.92,7.99
01JMRS0ND1AN3BP72YB4QXJ6QV,Judon,Twidle,31,Male,$69179.71,3.9
01JMRS0ND28RQT6307ETNG5GJR,Keri,Titford,23,Female,$17131.92,3.16
01JMRS0ND3V502MG05XTBDVDMC,Rip,Morch,36,Male,$22702.92,9.82
01JMRS0ND326MMDG9N4N068KQ7,Woody,Zielinski,29,Male,$90550.84,5.27
01JMRS0ND4EE7WNEZ67C2F65DD,Launce,McCowen,26,Male,$19910.74,1.13
01JMRS0ND5HMH0DC1JM9C73YS3,Maddie,Aronoff,21,Bigender,$99499.44,3.29
01JMRS0ND5G35KYZ8R411JNKZB,Ninnetta,Santos,14,Female,$18432.27,9.62
01JMRS0ND649MP529M051N04ZX,Alfredo,Habert,13,Male,$67812.37,5.12
01JMRS0ND777SYDMMQKJRWPNX2,Alfy,Driver,26,Female,$53537.99,4.65
01JMRS0ND79K8ZCKSB9XC5HC6E,Aurie,Hurley,20,Female,$25250.03,7.31
01JMRS0ND8J6666HQBJTGKA0A1,Delbert,Mirralls,35,Male,$95488.31,8.31
01JMRS0ND93A8XD7ETY6JSKD9X,Thurston,Ossulton,15,Bigender,$50141.78,3.47
01JMRS0ND91QPHQJ8XJWQFCFK6,Win,Dunkirk,26,Male,$60665.98,8.1
01JMRS0NDAGKNGSTJSR16181V5,Heinrik,Pauel,34,Male,$20375.70,9.97
01JMRS0NDBTHN1DYVWRE9A64HP,Edita,Daskiewicz,14,Female,$62249.60,1.03
01JMRS0NDCNC6H0HXADDTJFMD9,Alexine,MacLeod,32,Female,$32488.10,6.95
01JMRS0NDD57Z5E3G1XGV00N5J,Kellby,Kelloch,34,Male,$25156.38,3.51
01JMRS0NDD9EQG9CDZH2HK70DJ,Lorianne,Grimestone,29,Female,$25735.91,7.03
01JMRS0NDEMH6AXHEV5BTYN5BY,Jock,Dybald,35,Polygender,$62409.62,2.04
01JMRS0NDF1K3K32VMCRQ0GSBA,Jackson,Huton,35,Male,$28830.89,1.07
01JMRS0NDF6Y73H96GRA43VKYN,Jaquenetta,Brandacci,29,Female,$76919.02,3.92
01JMRS0NDHRCSNVDRNJ8NBRM9W,Caril,Chapell,13,Female,$40362.38,1.35
01JMRS0NDHFDQ8GBVNNPSPVBHD,Katey,Yvon,21,Non-binary,$28313.27,7.34
01JMRS0NDJZ6HK89G8XNDNG67Q,Shawnee,Vakhrushev,27,Non-binary,$78713.68,2.05
01JMRS0NDKG10D6TK324CPSRHH,Christalle,Domini,24,Female,$12130.11,4.87
01JMRS0NDMJ7W15SNEG3PPNXVK,Micaela,Middleditch,27,Female,$61245.22,1.97
01JMRS0NDNBAZHN7GCTY03KZC5,Minni,Terrett,36,Female,$23843.53,7.53
01JMRS0NDPGDJTTEZTY7883WWG,Sorcha,Calafate,12,Female,$25852.62,6.93
01JMRS0NDPENTEV7Y7JJDAVXD0,Nathan,Weavill,17,Male,$24963.15,8.3
01JMRS0NDQSF65P4BP9TGC1S21,Muffin,McLagan,20,Male,$22371.78,8.35
01JMRS0NDRH7GHK924CS9DSE27,Lorenzo,Benallack,32,Male,$87469.44,8.05
01JMRS0NDRQ0HBP6W26K0J92K3,Mendel,Izen,28,Male,$80069.04,7.17
01JMRS0NDSAS1SHCM9015ATAKF,Cami,Vedntyev,33,Non-binary,$85414.95,9.86
01JMRS0NDTN5532XD7D609NB8R,Pen,Mogey,27,Female,$14121.09,6.14
01JMRS0NDTNENKGCQPAVH5838P,Robbi,Vesty,14,Polygender,$21724.23,8.76
01JMRS0NDVH4Y5BBEQSTVXY611,Andonis,Crisell,36,Male,$90193.24,1.15
01JMRS0NDWWM4P6Y8SE2WFZZWY,Henri,Bissex,28,Male,$15958.49,2.6
01JMRS0NDWBC4M77G1NCX95XDW,Christopher,Shorbrook,32,Male,$88354.78,1.99
01JMRS0NDX07A79T4E4QAW68VS,Ada,Boulsher,12,Female,$60686.09,3.49
01JMRS0NDY6MCN0F0R0C62DQP0,Mathe,Jeskin,32,Male,$42121.40,6.2
01JMRS0NDZ6M9VFCYV0J1FZ75M,Irwin,Bramsen,13,Male,$33431.48,6.48
01JMRS0NDZD8Z0XXCDPHD17C7N,Maurizia,Recke,12,Agender,$56832.27,4.59
01JMRS0NE0BDP8GTRNXWPA2V04,Niall,Chislett,26,Male,$83178.89,9.45
01JMRS0NE1CQJTE953S6WBDV7P,Susie,Cowlam,26,Female,$46377.87,5.97
01JMRS0NE2F2J6PN6EVJJA8NQP,Sibbie,Aggio,17,Female,$96507.05,9.19
01JMRS0NE2JSPCGAZ7HGGPG4J1,Archibald,Domb,12,Male,$60355.31,6.32
01JMRS0NE377DBHS18CESMJP62,Tommi,Ropcke,34,Female,$32369.51,4.53
01JMRS0NE405NJ9SS53T7VTMAM,Esmaria,Willcot,34,Female,$11195.88,8.52
01JMRS0NE4ENR2Y610K75V62AW,Marc,Grabham,35,Male,$23215.73,7.32
01JMRS0NE5EX5B3TD9EPRYGTY9,Conchita,Skaif,33,Female,$83573.74,5.75
01JMRS0NE6ZHY305BA1NN4505S,Emili,Breckon,19,Female,$12688.90,8.92
01JMRS0NE6ETZA0VBGNJYPH87N,Hilary,Bushnell,22,Female,$81411.21,2.89
01JMRS0NE8FRVJAJG5BG3V2PZ2,Sal,Greder,20,Male,$13614.54,8.31
01JMRS0NE9180TRHM62TCP1YXZ,Noreen,Fallanche,26,Female,$76100.53,7.63
01JMRS0NEB98V7JQW0BWR7MVN1,Timmy,Championnet,34,Female,$45237.18,8.37
01JMRS0NEC1VQXJ7SGBG8N57B1,Nickolai,Lanchester,27,Genderfluid,$62740.19,9.29
01JMRS0NEDZPFJA6DXVWBDX5RH,Robinetta,Brandoni,22,Female,$53498.47,4.86
01JMRS0NEES6MY6QAVHDSC1BST,Dulciana,Latta,21,Female,$14474.87,6.37
01JMRS0NEEVB69S8VV9FT7SAX6,Cathi,Jaher,22,Female,$18543.38,4.65
01JMRS0NEFE6QHDVBNR5PQCJDQ,Alysia,Way,23,Female,$69646.56,8.26
01JMRS0NEH6H7FRKDD5HNZ2R39,Aurore,Le Clercq,28,Female,$69622.42,8.77
01JMRS0NEHVXAA76FK08F3314T,Beilul,Kunzel,27,Female,$77746.67,1.48
01JMRS0NEJ6Y8VPTWCRF6BXH9S,Glenn,Biffen,25,Male,$94869.16,6.74
01JMRS0NEK21W2EP0AEHR9HHA4,Jacynth,Pryor,29,Female,$27153.70,4.47
01JMRS0NEKV87HYG6ZCWXBVD2Z,Towney,Olliver,18,Polygender,$84014.91,9.72
01JMRS0NEMJAH6VJCBZPJY6KNE,Geno,Coggings,31,Male,$58420.45,8.55
01JMRS0NEN44RXEDXXY3CVGE64,Bob,Markl,27,Agender,$77313.12,7.87
01JMRS0NEPVCRCAP8B1RWYY81B,Jobina,Merchant,12,Female,$22112.35,6.67
01JMRS0NERNT2RP2J4QS6EZWGZ,Abbye,Utterson,34,Female,$37660.77,2.76
01JMRS0NESWTYA6653H3ZW0D9X,Elvira,Jans,17,Female,$56520.92,9.85
01JMRS0NETPPEYDHW019A2934J,Charmane,Greeve,27,Female,$41031.45,4.81
01JMRS0NETX8BT8B86SRFEQTST,Theobald,Grandison,16,Male,$92025.57,7.3
01JMRS0NEV28MYYNFF6YY0K7WF,Angelina,Bowlas,25,Female,$47639.03,5.48
01JMRS0NEW4QGG4S7TAAXGR5J2,Georg,Hearns,21,Male,$54759.49,7.6
01JMRS0NEWT950T117899K0XH5,Merwin,Goodban,20,Male,$18751.83,2.71
01JMRS0NEXA1VMW098AG2AX2R2,Luce,MacWhan,23,Male,$43842.38,1.57
01JMRS0NFCGWF6ZAQQ3761R6WD,Rosella,Fellibrand,15,Bigender,$28153.34,8.72
01JMRS0NFCAHVTCQD7PXYR8WNN,Barth,Gouldthorpe,28,Male,$76178.61,6.2
01JMRS0NFD8T44VF4MX3KS45ZC,Archambault,Ragbourn,12,Male,$71097.30,1.22
01JMRS0NFECV59PRSVKQA31NVK,Binky,Gosforth,35,Male,$62908.90,6.85
01JMRS0NFEQS3S2HYD1W25398M,Ewen,Richards,32,Male,$12973.99,1.88
01JMRS0NFFN8AN928FQYH1KRPZ,Normie,Barnfield,26,Male,$47385.22,4.68
01JMRS0NFGP5Z22Y1YSM9G86YR,Hermine,Jurick,18,Female,$55980.75,5.5
01JMRS0NFH7XY3W979YJ7EPSYD,Allsun,Vardey,13,Female,$78324.42,7.67
01JMRS0NFHZE9P055C77WKF41G,Gwenni,Bonwell,15,Female,$95521.49,2.79
01JMRS0NFJWHAK3ZYH4EC9MM2G,Haskel,Horburgh,34,Male,$31499.68,2.21
01JMRS0NFKXFTZ7JSFZQP2RH3Z,Linnet,Atton,18,Female,$49484.55,6.73
01JMRS0NFM4NP5NAFTSA9S91BZ,Babbie,Kyncl,12,Female,$63304.66,7.28
01JMRS0NFMSGNC8RRA5CS3DVED,Lelah,Lauthian,27,Female,$62588.90,7.76
01JMRS0NFN1SF6GRVZKK9NDVED,Westbrooke,Fawlo,36,Male,$44785.93,2.25
01JMRS0NFPP5RNXNM6W4EQBXR7,Rahal,Jakeman,23,Female,$65056.48,6.62
01JMRS0NFP3Y3ZPD2QK6S93E0G,Adara,Woollons,35,Female,$29488.48,3.42
01JMRS0NFQ6PXAZ7TKT8Z6QYY4,Bink,Halfpenny,30,Male,$75314.96,2.66
01JMRS0NFRKZX2WY4PN80B1TX6,Kiersten,Gallyhaock,20,Female,$99435.62,6.55
01JMRS0NFSYA15YMW80TJSX6DF,Des,Ternouth,35,Male,$61435.38,8.23
01JMRS0NFTKNP54S8WTW6TCX8R,Dael,Peatman,17,Female,$52873.12,2.18
01JMRS0NFTT610B81SSTPRWCQZ,Kendall,Partner,18,Male,$96509.89,2.25
01JMRS0NFVQG8X96PVQS1C53DB,Lance,Daintree,32,Male,$18685.58,2.0
01JMRS0NFWKY478YVFHH0AXENC,Conn,Exley,35,Male,$96383.16,5.7
01JMRS0NFX15X6CNV8EPYSM08C,Hanan,Hedworth,22,Male,$62920.11,4.71
01JMRS0NFY9X7MGJ7Q29WVG7MH,Napoleon,Witnall,29,Agender,$75902.33,7.94
01JMRS0NFZR5X30MVCVNCQX33P,Agnella,Hurtado,34,Female,$28613.38,8.5
01JMRS0NFZNZVKR3746KV3F81P,Dulcy,Case,30,Female,$68260.63,1.31
01JMRS0NG04AMMC14P1XMX9B29,Violet,Blune,35,Female,$55964.15,3.55
01JMRS0NG1P9VV4FJBRQAW40PT,Ferguson,Roze,20,Male,$25957.75,4.77
01JMRS0NG1SWJ0SE1EQ2SBK5E1,Nadean,Gerok,20,Female,$30726.46,5.74
01JMRS0NG20PTA8ZW8PSRWGSMP,Tracy,Garie,15,Male,$62866.94,6.83
01JMRS0NG3AH7M9A3CGN3VJ4X5,Sayre,Hobben,33,Male,$21428.54,2.81
01JMRS0NG3B77EP2NV5HSC8C29,Armando,Bortoloni,32,Agender,$80186.59,9.95
01JMRS0NG5PP30GRRK3YQCDWCY,Blisse,Woolger,29,Female,$85184.05,6.07
01JMRS0NG6H0K07ZGF1VHQWMFQ,Raimundo,Spadari,16,Male,$38214.04,3.8
01JMRS0NG8SGNB7FV1E8319D73,Dane,Seawell,21,Male,$61554.12,9.73
01JMRS0NG9NJRH1BBPFVDGPAEE,Ashlie,Spivey,20,Female,$64476.78,3.21
01JMRS0NGAJ651QY91SSXG9DJC,Gilburt,Longbone,22,Male,$11984.35,5.84
01JMRS0NGBD2HJJ26QV6ZQX0ZJ,Marchall,Boole,34,Male,$86033.27,8.27
01JMRS0NGCVQMWJMAW9ZS4JRFN,Dante,Zottoli,26,Male,$60370.58,6.49
01JMRS0NGD84RAFQREZW3VAZZQ,Harold,Elam,30,Male,$43466.80,7.53
01JMRS0NGEKECVNBSZT7R3HJFG,Virginie,Parlatt,23,Female,$88977.16,2.47
01JMRS0NGFJBEEJ25AG5H8F59P,Gustie,Cherm,28,Female,$21288.24,5.44
01JMRS0NGFN7ZPA9481FE41M79,Darelle,Ollerton,22,Female,$29755.37,6.16
01JMRS0NGGNYZ6VY06Q1GWEK2G,Margaux,Tett,18,Female,$14235.92,2.42
01JMRS0NGHFC5AQY7G7NCXN94N,Gabriel,Knibbs,16,Female,$54866.00,4.62
01JMRS0NGJG312VVMB4SYK054V,Cyndy,Broinlich,24,Female,$10869.27,2.64
01JMRS0NGJECZX68X9TN6J60CP,Fern,Braniff,19,Female,$73176.53,7.63
01JMRS0NGK9CYZHRVAJR51Q7R4,Tybalt,O'Brogan,34,Male,$82982.92,4.93
01JMRS0NGMG55XTFGWKP1PR7FN,Aurlie,d'Escoffier,24,Female,$95655.55,4.03
01JMRS0NGME66DPC6BKJBH571M,Ranee,Weatherby,32,Female,$93742.43,9.14
01JMRS0NGNFAK33BNZGPCQ0RFH,Rosene,Carruth,26,Female,$51929.79,7.75
01JMRS0NGPC23V5NNQHKZ5NEFT,Geoff,Birkenhead,26,Male,$44338.48,6.23
01JMRS0NGPR378F41BYDPHX8WJ,Celisse,Bursnell,28,Female,$47135.05,8.71
01JMRS0NGQN5ZK4PBF51N1C1A9,Ezekiel,Colum,18,Male,$25853.36,3.9
01JMRS0NGRAZJMQ0FSA44FKGX1,Sigismondo,Kilbride,28,Bigender,$71164.73,9.96
01JMRS0NGSEK2X8QVM0BTW3YAT,Gabriele,Iglesia,14,Male,$30082.09,4.34
01JMRS0NGSFY7W3VWBGY64RJHW,Dita,MacMurray,32,Female,$21624.89,6.59
01JMRS0NGT7JQHBXJJJTDQQ06W,Gery,Havile,13,Male,$83137.30,6.45
01JMRS0NGV07PQ71Q44BE0G2T6,Adriane,Grafton-Herbert,29,Female,$28860.49,8.16
01JMRS0NGVT4GFBF9ES8EWT39F,Latrina,De Vile,23,Female,$20011.14,4.46
01JMRS0NGWVMSXD29HR9MX8QD9,Timmi,Wyeth,23,Non-binary,$12940.03,4.45
01JMRS0NGXDR8YMYHCDXT9QM02,Almeria,Haensel,13,Female,$65016.87,9.01
01JMRS0NGYHGR0GMN971PN5S77,Hilary,Doole,15,Female,$77838.19,9.1
01JMRS0NGYNTVD6QVN511A0EFH,Enrichetta,Wilsee,14,Female,$53862.00,9.46
01JMRS0NGZZX9XJ47WCHRCEFZ7,Vanya,Scholig,26,Male,$92057.01,7.1
01JMRS0NH0PPV8R2PX3YXX1PB6,Arluene,Brodest,28,Female,$92168.85,6.78
01JMRS0NH09MCZPQV13Y5Z624X,Bertie,Ielden,21,Male,$95254.68,5.49
01JMRS0NH1H0TW2JGCFBCR3J9Q,Wendell,Maides,14,Male,$93795.51,9.2
01JMRS0NH2FQPAZM24DJGAYHPM,Brande,Neil,18,Female,$78163.55,9.46
01JMRS0NH3CP6HVJHGCED45Z84,Delphinia,Rosewall,26,Female,$82172.78,1.57
01JMRS0NH3A9RNCNQXBAVGRYVF,Petunia,Totton,33,Female,$65063.06,6.54
01JMRS0NH4N7X3FSGJ4P22SKZA,Matthew,Breacher,26,Male,$47901.10,2.6
01JMRS0NH5QDVGHCZEDKM4ZG41,Ali,Weare,29,Male,$18016.81,6.43
01JMRS0NH6458Z82ZPBQHDZ7BH,Marney,Garbutt,26,Female,$60505.14,7.27
01JMRS0NH7AJJ7H5AS1PVW1P6H,Rhett,Chominski,32,Male,$53900.25,2.25
01JMRS0NH7Q0R7XWCGB04NJ0PD,Fanny,Jendrusch,33,Female,$42032.66,1.62
01JMRS0NH8WPF63VBA7873AAWZ,Gibb,Outram,13,Male,$65372.01,5.49
01JMRS0NH9VB0NNM7G032FTC0F,Percy,Stollard,17,Male,$32837.70,6.1
01JMRS0NH9F6TGGX04XZE9VKVH,Gerrie,Orth,16,Female,$41002.21,7.34
01JMRS0NHAWJJNETCJ8DHW3FQ6,Christian,Quinet,29,Female,$33139.25,8.25
01JMRS0NHBDG2FB6RZR3ZPCVPV,Tybi,Kemmons,21,Genderqueer,$16786.68,1.81
01JMRS0NHC6SADCR5PW0ADAK27,Christal,Kissell,34,Female,$62471.24,1.18
01JMRS0NHCN5GTGJ0XAMAKWQ24,Augustine,Wanstall,14,Male,$78256.84,2.43
01JMRS0NHDK9HT0A0J7C1TYRBS,Juieta,Bartolomucci,15,Female,$76270.79,2.13
01JMRS0NHEMS7MYQ4DCZX2GZXX,Rafaello,Gritland,19,Male,$24281.03,1.98
01JMRS0NHE8XNVV0TS16KT3NDK,Cristiano,Spincks,32,Male,$30678.73,8.98
01JMRS0NHFTCEWZ7T4YDRPX502,Terrance,McManamen,30,Male,$38637.82,2.05
01JMRS0NHGFSF00KAVVR9ZHVHB,Anthia,Keggin,21,Female,$94657.24,6.67
01JMRS0NHGJYZGXPPF3QATKKA3,Irwinn,Freak,19,Male,$13532.88,3.71
01JMRS0NHHSVRA7WDMKSEFG2YS,Pietro,Siggens,17,Male,$71435.06,6.97
01JMRS0NHJC4FEV2ZBYM95MX6W,Lexy,Wearing,16,Female,$65617.37,2.25
01JMRS0NHJGP8TJVFQK82BQX6J,Sibelle,Sirey,27,Female,$55328.04,8.7
01JMRS0NHK49854478N629NNGS,Donny,Silcocks,22,Male,$97540.54,5.36
01JMRS0NHM63CKYE3AWMVEXW30,Ross,Facer,25,Male,$91554.82,9.34
01JMRS0NHM0SV7RZTSEV9HRY2Y,Sherline,Sewill,19,Female,$37749.62,4.36
01JMRS0NHND39QKMBV0EJRV4AB,Franny,Bratt,30,Male,$45208.43,2.85
01JMRS0NHP8V1YK463Q1A61NXZ,Claudell,Wadelin,25,Male,$24709.85,9.13
01JMRS0NHQHVRJ9DG2PWFTE3CS,Thane,Etchingham,17,Male,$71298.58,2.91
01JMRS0NHRVKRV99E0RB63AGEA,Sasha,Costelow,25,Male,$82276.98,6.05
01JMRS0NHRJHTCHTTDHW4KM16Q,Ruthi,Mordie,26,Female,$46323.64,1.99
01JMRS0NHSX0A3V0FXF242TEVG,Jeff,Landman,27,Male,$72474.28,2.08
01JMRS0NHT2B2DCS7R7NK4ZHNK,Cass,Goddert.sf,33,Female,$86528.48,1.91
01JMRS0NHTHR8GVR440R3T4K23,Aurea,Hasker,35,Female,$86802.97,1.14
01JMRS0NHV81NTF5NCXY7VY0K5,Sibelle,Taw,19,Female,$36875.14,3.8
01JMRS0NHW4KKBJSD1X0PZNBN7,Yoko,Ferdinand,18,Female,$19829.17,8.0
01JMRS0NHWVNYCVF15ZE3G8BJ1,Gregg,Felten,33,Male,$14871.27,6.4
01JMRS0NHXR2ZGBEBRF1WREZ7W,Ailee,Oade,31,Female,$18100.99,2.51
01JMRS0NHYZZWA890WVVQP9DFW,Valentina,Beare,35,Female,$65118.16,3.55
01JMRS0NHZW359YSWZ0N31RFTY,Gabriela,Seamons,30,Female,$23311.82,1.35
01JMRS0NHZ0P61YDZC59M7JYNW,Stinky,Ollerenshaw,20,Male,$77122.31,4.71
01JMRS0NJ0X9GTD9XF4G7B067R,Kennie,Iveagh,22,Male,$50845.34,7.85
01JMRS0NJ1H7SKBY5BFXT2TJ5W,Paulie,Boteman,27,Male,$81553.23,3.57
01JMRS0NJ22PMH1VPSCXAPM79K,Corrianne,Nieass,24,Female,$83742.46,3.35
01JMRS0NJ21MZ6YBT612VHXXW9,Simeon,Strafford,35,Male,$74199.71,5.61
01JMRS0NJ3CHKTG3CVD9HG3T2K,Sandi,Pinkerton,21,Female,$69667.74,8.71
01JMRS0NJ498K5ZR2T84VZSZ1W,Boycie,Calverd,35,Male,$84602.64,1.2
01JMRS0NJ5NA0VEJ95X6GTNF1Q,Yasmeen,Esherwood,15,Female,$84420.44,9.82
01JMRS0NJ5MTEAG3ERQQDR9J9W,Dodi,Francillo,29,Female,$95610.84,1.57
01JMRS0NJ62HPADC6A0WV7G307,Gillan,McBride,16,Female,$71899.10,6.2
01JMRS0NJ70PR032197JAPP3RC,Jillane,Balme,33,Female,$82973.86,7.54
01JMRS0NJ7CRNWA4PDT988GFVE,Janel,Pude,18,Female,$45006.41,9.54
01JMRS0NJ85MR5R4JZQ8CEQ5EW,Charlene,Gerritzen,14,Female,$60349.60,9.05
01JMRS0NJ9PMZYCK9M3F499RQB,Dulciana,Enns,25,Female,$21662.57,5.12
01JMRS0NJAWCP6AJWRBQQ9MJAF,Dynah,Coils,33,Polygender,$80141.58,2.99
01JMRS0NJAE89GENV9C0QH12W7,Reube,Maryan,19,Male,$63405.45,5.63
01JMRS0NJBDTM650W8A44TG16Q,Adoree,Gridon,17,Female,$77588.98,3.3
01JMRS0NJC22JFVKHQHAF5M82S,Florri,Maddin,32,Female,$53131.95,3.83
01JMRS0NJC9QWJD6J7YQ52MV6J,Jenna,Duigan,35,Female,$66383.47,2.77
01JMRS0NJDBY99MTD2GVCPTGP8,Rafaelia,Feehery,26,Female,$65009.03,1.61
01JMRS0NJE2FS8708TJSFSZFVW,Fanni,Purchall,19,Female,$78580.19,5.33
01JMRS0NJEBMAKF95H7B4XVBT5,Casi,Keech,28,Female,$58193.49,4.63
01JMRS0NJFJGPJ41WVBCT8AY44,Rowen,Walburn,18,Male,$33715.35,5.65
01JMRS0NJG1YNJZ7JKS4DSQFYE,Stefano,Speddin,36,Male,$64676.78,4.62
01JMRS0NJHDQDKRXQ9F9ESXKD3,Fidelity,Biglin,31,Female,$47105.44,5.65
01JMRS0NJH9AECPZ9P93XZY5PX,Myrtle,Hawket,14,Female,$59942.86,5.03
01JMRS0NJJ6TWPGANXCKB62HE9,Adey,Woodyatt,32,Female,$75728.65,5.73
01JMRS0NJK162XPRSMR7H2FY48,Laurel,Aleksahkin,12,Female,$65894.57,1.78
01JMRS0NJMTGWRGW9T0V1DEQJD,Ephrem,Stearn,26,Male,$64971.76,6.05
01JMRS0NJNYY7KETS209VX4CZ1,Orelie,Rawkesby,23,Female,$36714.01,3.8
01JMRS0NJNPDDFBRV4WSNXC6XD,Michelle,Bateman,25,Female,$30484.07,7.3
01JMRS0NJPXD52ZCWZE7KTPW01,Crista,Lehrmann,16,Agender,$65339.09,2.65
01JMRS0NJQY127TRRXG47WWK9H,Lavina,Hudspeth,15,Female,$37153.49,4.93
01JMRS0NJQCERJQ5VBKH70YFM7,Somerset,Veschambre,24,Male,$28979.66,7.48
01JMRS0NJRSF719QDZ4GQZZ83M,Rodrick,Danilenko,22,Male,$27838.93,1.42
01JMRS0NJSNC0YXBS1Q71C0B94,Pasquale,Fowell,20,Male,$15957.74,8.66
01JMRS0NJS266VW802X24HQZ64,Drucill,Tertre,23,Female,$70318.64,6.98
01JMRS0NJTXWEQEHXB8ASZFYZB,Sheena,Picknett,19,Female,$91826.77,3.63
01JMRS0NJV77G979E0T2SNQVGC,Delilah,Mulqueen,19,Female,$85087.66,4.46
01JMRS0NJV2PEMTM6NN4G2HDJ3,Kayne,Espino,27,Male,$75053.28,4.86
01JMRS0NJWVHJKNE57KHVBQE0X,Baxie,Gribbins,15,Male,$54884.43,3.35
01JMRS0NJYNYKDVN8S4P3WC46E,Torey,Greenstreet,25,Male,$65205.49,3.83
01JMRS0NJZK86AM1J1QKKB2W36,Karina,Dilliway,29,Female,$47262.85,7.47
01JMRS0NJZYBJCV9B525ZESPBB,Langsdon,Howison,20,Male,$73731.85,5.15
01JMRS0NK0P0B22A5V663DQHV6,Fonsie,Lozano,26,Male,$79801.57,8.0
01JMRS0NK1WXQ9W8XQZRNPC77Y,Lazare,Boschmann,23,Male,$62862.75,3.96
01JMRS0NK2DZF0PSES5J4YBD65,Fransisco,Baroux,20,Male,$27479.86,7.01
01JMRS0NK3WVP2X13GVVF6YS14,Moll,Hirsch,26,Female,$53619.05,2.51
01JMRS0NK3DAMNGNXMRNHBDTSK,Gabriello,Barthel,33,Non-binary,$35501.72,3.1
01JMRS0NK4FZ03612SG309P6GY,Shea,Tilby,31,Male,$85247.84,1.95
01JMRS0NK5ZJ1Q5XC9F46FT649,Bjorn,Dytham,35,Male,$14255.84,3.25
01JMRS0NK5KVZKRW7R14EBCSA1,Dorene,Hamly,32,Female,$50600.02,1.51
01JMRS0NK651ZVQ4SB4BT2CBBV,Norean,Bassham,31,Female,$52561.70,5.22
01JMRS0NK7RK47DM94RAB7QYQ3,Eldon,Merriday,36,Male,$79345.92,1.55
01JMRS0NK80FBAX41RP6B29QY9,Charles,Milksop,25,Agender,$24435.96,4.16
01JMRS0NK9TDXGTJZVT51DFJTE,Angelika,Bolingbroke,35,Female,$97386.45,7.07
01JMRS0NKADDVBTJ3APWXK2RAD,Lorin,Gorse,28,Agender,$55589.22,1.73
01JMRS0NKAHKR70EVBGDXA8XCR,Courtnay,O'Mailey,31,Female,$55623.28,9.52
01JMRS0NKBN1H3SPCGXSZBH1R1,Joann,MacNeice,27,Non-binary,$98535.51,7.6
01JMRS0NKCW7Z42SF5VTHF0N4H,Tallia,MacArd,20,Female,$30201.44,2.11
01JMRS0NKCZBXYK3WWFTRZQFEC,Riccardo,Friday,20,Male,$86079.10,4.45
01JMRS0NKDERG94ZHFAXVXRMBK,Ring,Perrigo,16,Male,$32635.21,8.74
01JMRS0NKESX7D57WYFVT2E2E7,Juliette,Jimes,22,Female,$44539.06,4.1
01JMRS0NKESY72YQHSYN9M3E05,Marcello,Meron,20,Male,$15155.99,3.55
01JMRS0NKFVRYH7CVNQ1MNE682,Anjela,Oldcote,31,Female,$37970.08,5.41
01JMRS0NKGHQ1HB0B9JV0942CK,Ardis,McCaughan,22,Female,$98856.08,3.59
01JMRS0NKH44NSDT3ZXRRRSCXG,Francis,Orable,28,Male,$64287.15,1.41
01JMRS0NKJ0BEKGCYVPZT1MP6W,Garner,Fairbourn,28,Male,$82503.73,7.66
01JMRS0NKJ0HA6QACFR345MX4B,Bobbi,Bracegirdle,24,Female,$60617.11,3.86
01JMRS0NKK08KXMNZKYK8YWRAP,Wait,Karolovsky,20,Male,$93749.79,1.34
01JMRS0NKMV0323CHFC9X04XYK,Issie,Flood,25,Female,$56067.10,8.62
01JMRS0NKNZN3F8NYW3S6KWJCK,Oralle,Gradly,34,Female,$33307.92,3.41
01JMRS0NKPZA8ZDSJZJH1YZCH0,Sigvard,Staker,16,Male,$58062.15,6.97
01JMRS0NKP6XREXRH31ZMX8MHG,Torin,Sweating,23,Male,$23677.71,5.82
01JMRS0NKQ4Q2R7HD9JXDKDC52,Ram,Liddicoat,36,Male,$18910.89,3.06
01JMRS0NKR5Z703APACN025SP0,Carolus,Spritt,34,Male,$70477.02,9.08
01JMRS0NKSWJWZSN7T45HRY4V7,Justinian,Corthes,29,Male,$48255.60,7.78
01JMRS0NKTJA3RDR6R4E30YT3R,Hubert,Harower,25,Male,$54392.01,6.63
01JMRS0NKTMMM4MHV7JPR3X3F6,Reiko,Buttler,15,Female,$35482.47,8.56
01JMRS0NKV90R98PGV99QC35N4,Kirby,Wordsley,27,Male,$43711.65,3.46
01JMRS0NKW1NK2FWNKQAXCBWFG,Wilow,Tchir,19,Female,$94892.34,1.8
01JMRS0NKXHYW5T54X1FQS82Z9,Felicdad,Bowld,17,Female,$60677.44,9.97
01JMRS0NKX943EB7C3M7QM30EG,Cliff,Curryer,26,Male,$75633.05,5.23
01JMRS0NKYAGVCTTJQFKWTQC1M,Willie,Wellbeloved,24,Male,$79181.30,3.98
01JMRS0NKZ3P3E8AC41V7TXR61,Brandise,Simm,31,Female,$12980.26,1.82
01JMRS0NM03XQMHGDJWTN3P9DR,Lorenzo,Cavozzi,31,Male,$25709.70,9.35
01JMRS0NM0NC2X1CP9NFXHK77B,Genia,Ferroli,30,Female,$44535.44,4.52
01JMRS0NM1ERYQF02KP8JT1GRN,Debera,Edes,32,Female,$28768.05,7.02
01JMRS0NM2V35EN06XSGKEW1BW,Alva,Kubach,24,Male,$97875.16,6.51
01JMRS0NM2Y209XEE507EAVEZA,Yulma,Wickliffe,35,Male,$33055.88,7.89
01JMRS0NM3FR3MV80ZAP8AJ0F6,Kimmy,Trice,12,Female,$47310.49,9.95
01JMRS0NM4859MC4WPSV8SDTSM,Chan,Cohani,17,Genderqueer,$39928.67,5.04
01JMRS0NM5V1N982HH11P9BDRQ,Meghan,Grzegorzewski,32,Female,$57983.40,6.57
01JMRS0NM66NTDV73RHNZP0BGX,Aurel,Tirkin,30,Female,$99173.71,7.26
01JMRS0NM6G32Q2SV7EHY3B2YK,Boote,Sidworth,15,Male,$20114.99,8.26
01JMRS0NM77ZG2WF0X0GZGSW9J,Nathanael,Coxhead,16,Male,$94339.27,9.18
01JMRS0NM8ERWG2HD7BCC42S5V,Meredithe,Kellogg,20,Female,$44592.51,8.87
01JMRS0NM8F42T6HC8349FAY9E,Golda,Kettles,34,Female,$84202.04,2.74
01JMRS0NM9YBAX7M3X47NGP2CC,Lani,Bridewell,21,Female,$84880.01,4.35
01JMRS0NMANB17EM0WJGAJ2TQB,Daisi,Luisetti,12,Female,$46970.84,8.44
01JMRS0NMA7ECMC56HC4WMY1Z0,Morena,Gawkroge,33,Female,$67464.21,3.8
01JMRS0NMBH65H3RCD86SN4NJ0,Arlene,Awton,28,Female,$20362.58,3.15
01JMRS0NMCVF4B7BVJ5C8NATVK,Gennie,Annets,19,Genderfluid,$12746.35,1.4
01JMRS0NMCYAET0PQ24YV7WSEY,Sollie,Mazonowicz,12,Male,$47339.02,2.21
01JMRS0NMDRWVGTZVSAG8NCQ6X,Theodosia,Ajam,18,Female,$20219.48,6.71
01JMRS0NMEKKHEFDNC6WSS1VCS,Nero,Merry,26,Male,$54540.43,5.36
01JMRS0NMF2JPJ5BJ34TCYSHWE,Kassia,Levinge,29,Female,$83271.18,2.17
01JMRS0NMG5R2864H9YYMMERNG,Etty,Pedersen,22,Female,$64159.34,5.31
01JMRS0NMG3QAZPTTG6PT90DPW,Anatole,Conrath,35,Male,$95002.94,1.9
01JMRS0NMH38XQ0VS1FNWPKRWS,Violette,Philler,17,Female,$42090.43,7.13
01JMRS0NMJXD0BD1SV6PKRG722,Dareen,Inggall,19,Female,$63400.42,1.41
01JMRS0NMJ14VERDW309A5VWHX,Shannon,Neylan,21,Male,$85210.84,2.16
01JMRS0NMKYPW57XJNMYT9Z92W,Boy,Pastor,28,Male,$66428.16,5.51
01JMRS0NMMPZ3A1FF5Q77VP1Q8,Bond,McKleod,17,Male,$98932.88,2.79
01JMRS0NMMW8SFQDRVPD11B190,Allen,Lethieulier,27,Male,$21844.36,3.04
01JMRS0NMNN5C7CC9QPDBDNS9C,Barrie,Santos,24,Female,$52005.99,3.76
01JMRS0NMPM1TS4J5BQ5RM59XP,Paloma,Churchley,19,Female,$44090.26,5.74
01JMRS0NMP39MDA97Y6QQ2SGFV,Flss,Hendin,13,Female,$80884.73,7.05
01JMRS0NMQEN78EQK1K0G9754Q,Donica,Dumberrill,19,Female,$56209.30,4.25
01JMRS0NMRX9E46GSAV4MZ6KEJ,Dominik,I'anson,28,Male,$57056.34,9.42
01JMRS0NMRE7F6JFJAJCZEKHQ6,Pate,Raoul,26,Male,$44008.55,3.91
01JMRS0NMS0Q5R4BP38SXFBZSV,Culver,Jindrich,35,Agender,$25675.38,6.7
01JMRS0NMTVC6EGJQQ6ETVSP88,Ofella,McPeeters,18,Polygender,$83608.30,2.53
01JMRS0NMVV1JAJHW6YXMQ2PS7,Marv,Leil,36,Male,$67046.35,9.7
01JMRS0NMVWB5F1JXW498Z3EW0,Pyotr,Leavry,17,Male,$94227.95,8.1
01JMRS0NMWC2C20E5EH981TCA1,Jerrine,Hastler,25,Female,$33816.25,8.01
01JMRS0NMX69S4Z758PN3MN1F4,Jared,Mully,15,Male,$81535.87,7.17
01JMRS0NMYP9F8ZBY6SHTMBXRG,Adora,Verling,22,Female,$11934.64,8.41
01JMRS0NMZR6VYAKCVF9AB1Q05,Urban,Todman,27,Male,$42682.52,3.99
01JMRS0NMZWC385WV6XCXJJTEN,Riley,Oates,33,Male,$25215.84,3.87
01JMRS0NN05NCEZJ31W1HGD0NZ,Brigitte,Patton,22,Genderfluid,$43061.02,4.77
01JMRS0NN1BJ8KHP232PKGYC90,Slade,Watters,21,Male,$56935.93,4.46
01JMRS0NN296GR2WA6EBS3FS46,Rosalind,Affleck,17,Female,$11042.12,8.34
01JMRS0NN3G2J0D25JCHK7CHRC,Camel,Wilby,16,Female,$66857.62,1.84
01JMRS0NN3TBVQNE9TZ7HQTA8Q,Parry,de la Tremoille,31,Male,$75296.20,1.22
01JMRS0NN4V5GHHJQGK7WY143R,Merill,McEllen,13,Bigender,$20534.22,8.71
01JMRS0NN620J432BE46BCNZV7,Tamiko,Rudsdell,17,Female,$76143.97,9.66
01JMRS0NN8HEE58BR5A7G07WTW,Nance,Raiker,14,Agender,$57704.59,2.86
01JMRS0NN9W0TBVCQVC8WV0M7F,Jackson,Mingotti,13,Male,$51406.49,1.1
01JMRS0NN9WDM124CK3T7FHD7V,Horton,Trehearne,15,Male,$38783.09,8.32
01JMRS0NNA1JG7QAQNJKWX4ECP,Othilia,Bovingdon,18,Female,$99848.33,9.02
01JMRS0NNBWWKR0JR06RHS5ZGG,Korey,Sanches,33,Male,$94620.25,5.68
01JMRS0NNDP0JPSDG5RFBH0Z78,Gael,Buttriss,24,Female,$30616.57,2.5
01JMRS0NND33T58406CYPSAJ4N,Felizio,Gapper,16,Male,$87752.68,1.29
01JMRS0NNE4XVSQZ3CNH08WQ0T,Eamon,Godball,35,Male,$11119.32,9.93
01JMRS0NNFBGJP9HNBA24CWVV4,Jody,Ianni,23,Female,$46137.54,4.99
01JMRS0NNGJVX1KDYCX8067C7S,Celisse,Championnet,36,Female,$59856.95,9.75
01JMRS0NNG5Q86XJ61PQ320DEZ,Eva,Ivison,26,Female,$48653.53,9.63
01JMRS0NNHWFX1EMM4VH7E2S8V,Jermayne,Rigts,14,Male,$63482.34,3.91
01JMRS0NNJ9B36G0W5816B9M6E,Hirsch,Lowndsborough,16,Male,$53858.71,3.9
01JMRS0NNJP1RX6VGRKAB8ZMV0,Mendy,Le Teve,19,Agender,$50998.59,8.6
01JMRS0NNK5KWVJCA53WFHBNQQ,Garwin,Carbery,18,Male,$52834.32,7.32
01JMRS0NNN6M5CTBZWP2RVBP87,Lindsy,Greest,21,Female,$19369.37,9.35
01JMRS0NNP3W5DVR6JV8GCPNM8,Mellisa,Burnup,19,Female,$32397.77,9.38
01JMRS0NNR1TMZFW81F8S4FZHM,Genvieve,Andreu,34,Female,$73002.24,1.62
01JMRS0NNTWHKDRB562NSAB43C,Kennith,Hurler,25,Male,$81411.30,5.97
01JMRS0NNV0ZENM76VYZ3H3FW5,Angelica,Halford,14,Female,$44414.06,5.9
01JMRS0NNV3P4YNKJTYP99NQ11,Harrison,Padmore,17,Male,$38179.38,2.4
01JMRS0NNWAVDNNRCAFY8K3SSN,Agnes,Mill,16,Female,$49023.23,6.43
01JMRS0NNXTE3X4KV26PP8Y0VM,Amara,Passmore,15,Female,$43656.32,7.05
01JMRS0NNYDKRAGBBMRQZFFD6E,Jacquenette,Huxter,30,Female,$66406.69,2.99
01JMRS0NNY9CYZS2DDJ8XR8DKB,Dawna,Giorgielli,29,Female,$31037.02,4.97
01JMRS0NNZN0QGSDPZRBPW9SM2,Trev,Pena,30,Male,$22443.69,1.39
01JMRS0NP036Q7KB14CNYNDRWW,Tamar,Tales,13,Female,$14773.98,5.57
01JMRS0NP1XA1319N9H6JMQ48F,Prent,Oxbe,20,Male,$60406.77,6.7
01JMRS0NP20NQ7YEBPDG88PK53,Isabelita,Quantick,19,Female,$68320.65,4.48
01JMRS0NP2R9QTZR2HHQ450ZJK,Rudolf,Rickaby,14,Male,$89919.60,2.61
01JMRS0NP3W3Z6QEYPYRWGPHQH,Angie,Feaviour,18,Female,$64181.47,4.36
01JMRS0NP4SSGXRF89Z46F9J54,Edsel,Baggett,28,Male,$60964.64,1.7
01JMRS0NP4RA9YTH2F8QTX146P,Clo,Ankrett,17,Female,$14632.12,3.52
01JMRS0NP58JPWBSQ36PPXV4F9,Bentlee,Quarton,32,Male,$41107.95,2.75
01JMRS0NP6BQHVP845QGEFXR6C,Magdalena,Roj,25,Genderqueer,$94398.40,9.55
01JMRS0NP7T02Z9B38MK957P6T,Nanon,McCathy,32,Female,$55435.53,9.45
01JMRS0NP7D5MCQ8951789651J,Rolf,Miall,21,Male,$74034.22,6.19
01JMRS0NP9Z8H4WDGGADW653KK,Pen,Gouth,18,Male,$28988.19,8.01
01JMRS0NPA0J1JE35BY1ZKQEKQ,Ephrem,April,35,Male,$86804.45,7.45
01JMRS0NPCVFGAZ2H1ZXZDHZHP,Augustine,Deverill,23,Male,$32597.33,6.85
01JMRS0NPDR06JPJ97B7CZVC1V,Palm,Murphy,35,Male,$26715.68,2.57
01JMRS0NPE8GFQ82239MNCBQ36,Elset,Edmands,20,Female,$42324.82,7.64
01JMRS0NPFKT1WVP400Z9RT6QG,Courtney,Pargeter,30,Female,$96584.20,1.64
01JMRS0NPGV50SB26HSKZSJTZG,Athene,Macy,15,Female,$89097.34,3.81
01JMRS0NPGZD144B916H3TGQV4,Shae,Delatour,24,Male,$81667.98,6.84
01JMRS0NPHCFCX927DQXGHNB5R,Boyce,Scanes,33,Male,$47582.82,4.18
01JMRS0NPJKPYN9SHY5F9B816B,Engracia,Burnside,13,Female,$82169.88,5.38
01JMRS0NPJZ1TN6WW8ZGP9SYX8,Natalina,Colam,27,Female,$41358.95,5.74
01JMRS0NPKNBH7TQC76ZAQVFBA,Nicoline,Hursey,17,Female,$34071.30,2.52
01JMRS0NPMQ7CXMN9693TGMX0J,Billy,Pattini,25,Female,$98814.83,5.44
01JMRS0NPNR6K3D6JGE0BK8Z4M,Pattin,Barneveld,13,Male,$25853.31,2.15
01JMRS0NPNZCJ2CD3E4T3G7MCN,Jeramey,Cicci,15,Male,$86723.46,7.66
01JMRS0NPPJZQXSBRM3AME29TE,Dolly,Erdes,32,Female,$40231.88,2.46
01JMRS0NPQKSANHNAX5FC19MNW,Appolonia,Gerrelt,15,Female,$52254.69,3.76
01JMRS0NPQ9XNWJECCQQ4WW3MY,Mead,Hanrott,15,Male,$24157.62,7.94
01JMRS0NPR8YNZNJKQDBX65MZ3,Gayler,Ollerenshaw,24,Male,$61581.24,7.65
01JMRS0NPSHP90JX8CVHEFYM33,Ailsun,Derle,21,Female,$23092.80,1.15
01JMRS0NPT41423XZ9B01R3Y0N,Ardath,Clackson,29,Female,$91508.31,2.07
01JMRS0NPVFVHFX28JJPPJG0YD,Caesar,Naire,14,Male,$83229.90,1.14
01JMRS0NPVA1QB0BM7VVR15HTX,Aggi,Doore,12,Female,$68814.65,9.17
01JMRS0NPWCXTZQTAMHTB6RRSW,Maitilde,Alexandre,12,Female,$82254.73,6.36
01JMRS0NPXR16RDBC2ZJQX0S3N,Alwyn,O' Borne,27,Male,$38738.60,4.82
01JMRS0NPYMZ84RM53V6VBA10V,Lily,Snoddon,30,Non-binary,$54169.77,2.14
01JMRS0NPYT30JQSC7N9MB291C,Jenda,Sedgmond,31,Female,$47575.01,7.19
01JMRS0NPZSWC6SSB3YPHSC1HH,Judie,Pulster,36,Female,$52577.42,7.41
01JMRS0NQ01JABD8SW4HHR51KF,Gerardo,Lovegrove,26,Male,$57772.41,4.81
01JMRS0NQ1PA7M6YRCBKGW9A7Q,Scotti,Goldingay,12,Male,$63036.63,3.38
01JMRS0NQ13QN0Z7TSC93JPC74,Paulo,Habbert,18,Male,$24094.35,8.35
01JMRS0NQ2TC6XBFP6AAMEDD17,Ketti,MacCurlye,13,Female,$16750.77,4.93
01JMRS0NQ3625KCP1J8FQ5VSTK,Kittie,Augar,29,Bigender,$22279.00,3.09
01JMRS0NQ3ZGN8HPKZ3A3JRA1Z,Janean,Croix,29,Female,$23700.08,7.77
01JMRS0NQ4TX387YAFBDY3T3HH,Joane,Allawy,20,Female,$73706.09,6.44
01JMRS0NQ5T3BRC67MZEG9Z7JF,Riobard,Cockett,31,Male,$65271.24,4.82
01JMRS0NQ6TK7NY0VZPM2SX1R0,Wayne,Bennison,35,Male,$54373.40,7.91
01JMRS0NQ6KR9SEVKDBKPVXKGK,Renae,Joanic,13,Bigender,$15909.83,9.11
01JMRS0NQ73MRP579SPSDWMM36,Mariquilla,Bryceson,22,Female,$77459.82,9.94
01JMRS0NQ8Y8Q3PG0NAYNC9VWA,Wendi,Loncaster,20,Female,$81420.69,1.51
01JMRS0NQ96MVR61CW83XZV124,Elsinore,Leckey,17,Female,$36388.97,4.1
01JMRS0NQA44D690GJ6AHS6XXN,Bronnie,Staner,12,Genderfluid,$54231.24,3.55
01JMRS0NQA4F564566BKBARNC4,Helge,Fenning,21,Female,$66554.48,1.27
01JMRS0NQB1HTGFSWX9F17HKTG,Kris,Gow,16,Female,$80515.60,1.94
01JMRS0NQC28X24X2S9XRKMQW6,Paddie,Hazeltine,36,Male,$31051.50,2.5
01JMRS0NQD631PAX2YTX9CGK4B,Cyndie,Dodworth,25,Female,$38671.50,3.77
01JMRS0NQDV6HCB9JH4JJ89ZZY,Ernie,Paver,29,Male,$11433.87,5.73
01JMRS0NQEYYPAWQGJ5RNZ70ZY,Wittie,Devorill,29,Male,$53974.02,2.3
01JMRS0NQF7MAXMEN69Q1Q80EP,Miller,Burth,28,Male,$23503.21,5.93
01JMRS0NQFNR2942P4KE1342FF,Griffie,Rigmand,27,Male,$70261.95,8.77
01JMRS0NQGC9MZ5FVC56ZH8G9Y,Normand,Furlong,21,Male,$61839.85,9.56
01JMRS0NQHK9H946SFDCMV15FP,Chester,Trolley,29,Male,$96914.02,1.01
01JMRS0NQJSGKZ4RT2WY8K3AYV,Gunilla,Coon,33,Female,$70077.54,6.07
01JMRS0NQJ81QGASJ1F5P89RQ0,Margareta,Ferebee,12,Female,$52033.72,8.08
01JMRS0NQKT2M093M2JYX4T9CT,Nichole,Melchior,19,Male,$23739.65,1.94
01JMRS0NQM7NRGB5ZTFD1XQWS9,Monty,Frugier,27,Male,$64967.91,8.34
01JMRS0NQNCV0MVB2BDDNY1H6Y,Talya,Rayner,23,Female,$15482.32,1.97
01JMRS0NQNPZZ2PN3G96F4P67G,Cordelia,Jeske,13,Female,$64912.04,4.97
01JMRS0NQPCT5B2XXE0B71P5MK,Horatius,Cundy,36,Male,$97017.02,4.14
01JMRS0NQQYA4DFS22A2C4J1RC,Reena,Timmes,22,Polygender,$82218.93,2.9
01JMRS0NQRC41C3C6SWNS1WY74,Rochester,Carefull,23,Male,$95757.20,3.65
01JMRS0NQRT4FVNNDYH259N4Z8,Dyna,Garriock,20,Female,$42770.87,3.64
01JMRS0NQS5P6JJW11NXDVK387,Mil,Cranefield,29,Female,$27973.04,7.84
01JMRS0NQTXHRRNR5GE3SJQWMR,Shelby,Eatherton,35,Female,$80053.03,1.76
01JMRS0NQVVRRSNTPM8S6BMVXY,Ashli,Plan,14,Female,$16235.18,2.08
01JMRS0NQWJTA2HSS9GVY7W5XB,Paulina,Phelp,27,Female,$30443.22,5.87
01JMRS0NQW9REZWTTVD7NKK7MW,Kriste,Lindhe,33,Female,$47699.43,8.88
01JMRS0NQX2T6SET9VTCK5YXZK,Dorella,Rackley,15,Female,$21606.97,3.1
01JMRS0NQYQXJANNETR63WZCJA,Dawn,Fomichkin,32,Female,$15001.47,1.12
01JMRS0NQZMS232HQT5139JRY4,Nickolaus,Mackley,32,Male,$18158.97,2.14
01JMRS0NR10628DM8WRB6W06WP,Gabriela,Van Leijs,28,Female,$16861.91,8.08
01JMRS0NR2N58CN1381J1K9XEK,Parnell,Vittel,30,Male,$34227.83,3.12
01JMRS0NR3TV0Y8CTA86XZQ4FG,Arther,Cockshutt,14,Male,$37813.20,2.18
01JMRS0NR4SM2WR1FWT7DFQXCT,Scarface,Fazan,30,Male,$53936.73,3.34
01JMRS0NR6KR5TM105SG1SARBP,Nicolas,Fliege,29,Male,$31059.83,3.14
01JMRS0NR8KG86V1TY3PNEXDR9,Lotta,Marsden,22,Female,$96767.60,6.02
01JMRS0NR94WBRN8VXAATXNQRH,Langston,Dangerfield,34,Male,$98231.87,2.8
01JMRS0NR97GFP9QKB2SXDCSFE,Kaile,Siggery,22,Female,$33185.65,5.38
01JMRS0NRAJFN1VVST3EFVMBD5,Gino,Reisk,27,Male,$88596.60,3.76
01JMRS0NRBCQ2WZBA08RV0FRHJ,Olvan,Borsnall,17,Male,$12527.35,4.32
01JMRS0NRCHFP75M588M8J8T4C,Chauncey,Wake,22,Male,$20408.25,9.95
01JMRS0NRDRH68DVWCR6QZ0QT5,Jenica,Nicklinson,18,Female,$22441.78,4.74
01JMRS0NRE78BEQ0AACTWA3WV4,Renado,Croney,17,Male,$67751.14,4.53
01JMRS0NREN21CVQA0Z7TTE9FX,Janella,Nolton,31,Female,$29420.44,1.57
01JMRS0NRF5DVQ8X2M9BZEGYRK,Riki,Gianinotti,20,Polygender,$74371.56,5.93
01JMRS0NRG1RKRJ4C2V8NFB0Z8,Selig,Di Gregorio,31,Male,$33138.56,2.54
01JMRS0NRHCG9X5604GVRCDBFZ,Gayel,Yackiminie,26,Female,$90678.05,5.97
01JMRS0NRJSG5MTMVT3AC5HSR3,Rhonda,Tombs,15,Female,$25375.54,3.18
01JMRS0NRKW7BBGT6WPN5HM3ZX,Quintin,LLelweln,27,Genderfluid,$39788.71,6.08
01JMRS0NRKQKEJK8JDS8YBR8DY,Valene,Cran,23,Polygender,$59735.00,6.02
01JMRS0NRMZV9S5F8SG6GNZG30,Randa,Simoneton,13,Female,$15952.73,1.96
01JMRS0NRN3F98MKXG3436080K,Freida,Ravenscroftt,20,Female,$57580.74,9.34
01JMRS0NRPA7WW2PKB7JHJBETV,Britta,Lampart,26,Female,$72050.88,1.72
01JMRS0NRQB8D3DKKKEGWAV662,Floris,Eirwin,31,Female,$67055.33,9.59
01JMRS0NRREVQ80G897QMS4CER,Conchita,Smaile,16,Agender,$29808.71,8.94
01JMRS0NRSH5QQJ5Z8DTR7PF5Y,Renault,De Lasci,21,Male,$52029.05,3.01
01JMRS0NRTYFV9V70BN5WRGKK8,Dody,Grushin,30,Female,$82717.08,5.15
01JMRS0NRTG8RERD8E01N2WRQC,Faber,Speak,24,Male,$71876.21,1.58
01JMRS0NRVSP04TA749CXQXPJ2,Kendell,Wrennall,22,Male,$51958.91,8.98
01JMRS0NRWSVQF8NZTX9M4392S,Ellen,Galpen,35,Female,$39115.13,3.76
01JMRS0NRXDQBJSGH9DMCS8CVT,Gwyneth,Knoton,14,Female,$13349.88,1.04
01JMRS0NRY41615H3SQ4ZK98E3,Shep,Hurworth,24,Male,$80288.82,9.16
01JMRS0NRY10KD1XH1CASA4MNF,Leandra,Kondrachenko,15,Female,$67759.45,2.73
01JMRS0NRZGG473NB2KWGD7JHP,Urson,Benezeit,31,Male,$13916.76,1.42
01JMRS0NRZFVEJJHDGRT9MP97W,Charlotte,Ogers,24,Female,$51579.02,6.65
01JMRS0NS1NYMEMGN4E4YHN0EE,Colette,Webben,16,Female,$61613.07,7.9
01JMRS0NS1Z608B5NRSEHWQV9Z,Regina,McOwen,26,Female,$84478.03,1.62
01JMRS0NS2QBT4FXNG2WGXAFH3,Ric,Ondrus,20,Male,$73769.01,6.87
01JMRS0NS3KSM5SDHKSP8JMDJF,Carson,Blunsum,34,Male,$63138.60,1.25
01JMRS0NS3APC60FYZVQVE3GNN,Alta,Bizzey,25,Female,$49547.83,1.59
01JMRS0NS4B4J3YZWT1ANTB1NA,Rozanne,Huchot,25,Female,$86623.25,3.53
01JMRS0NS5J433MBZYK20VC6XE,Mead,Alfonsini,21,Male,$11632.31,1.36
01JMRS0NS644R6FB4GSDXQ0VX6,Richardo,Cassidy,16,Male,$82103.19,3.97
01JMRS0NS7ZXF5P4QFG191SEKM,Swen,Oliveti,13,Male,$43473.73,7.06
01JMRS0NS7PJ9KVBAKSV6178AJ,Mano,Branchet,14,Male,$18162.55,3.86
01JMRS0NS9121N13QX279QZE49,Jocko,Faircley,19,Male,$59617.61,1.36
01JMRS0NSANNH3M4MZ4J5D15ZK,Enrika,Nye,29,Female,$41992.37,7.64
01JMRS0NSAPTB10NPJJHH07T9W,Emelita,Boshier,34,Female,$57677.30,1.84
01JMRS0NSBPYY9SBAR0RB6ZGY6,Candace,Bufton,24,Genderqueer,$83374.20,5.8
01JMRS0NSCC522SA6NSYYVDDG1,Kassandra,Borres,32,Female,$58948.26,4.9
01JMRS0NSDN5A6SAHQK4GH9QR2,Otha,MacTrustrie,35,Female,$69940.22,1.42
01JMRS0NSE3SQC67PEWCF68P0D,Brooks,Colisbe,16,Female,$79599.86,3.04
01JMRS0NSE1XEA3WSR1SJM6HQ5,Stavros,Sowter,25,Male,$27928.07,5.46
01JMRS0NSFSHMYK3TTX6C97Q9K,Hayward,Hancox,14,Polygender,$13535.87,8.47
01JMRS0NSGAVEWMSSQ3Y2D6XC7,Jemmie,Fritter,24,Female,$28650.42,2.81
01JMRS0NSHCKM1E642K6W137T5,Ailbert,Wandrack,21,Male,$48375.53,3.67
01JMRS0NSHBY350SWB830WDT7D,Jarred,Fansy,15,Male,$64321.61,2.27
01JMRS0NSJCK62EWY73M60NY8D,Flss,Le Sieur,35,Female,$31019.31,8.45
01JMRS0NSKD044W4WRMJMXJ9XH,Tanhya,Robardley,29,Female,$23970.40,5.87
01JMRS0NSN0E2Y4AGJZNT0GTN7,Ileane,Devenish,32,Female,$20283.56,1.72
01JMRS0NSPGNKPX6W1TSZAPYXH,Jerrilyn,Lebbern,14,Female,$82412.80,1.36
01JMRS0NSP5EPD3VTXXHZY2SBF,Asa,Clohissy,16,Male,$28322.47,3.27
01JMRS0NSQT9Y5MRF6404EK0ZW,Dwight,Heale,15,Male,$56439.50,4.18
01JMRS0NSRS0VB18B3FJ40S83S,Thornie,Sidebottom,25,Male,$30136.09,9.8
01JMRS0NSSDB38EQQ3XEW4WP6S,Peggi,Hatfield,18,Female,$38361.87,8.5
01JMRS0NSTG9J04TCG3A4WKGXS,Fitzgerald,Vern,26,Male,$43703.58,4.8
01JMRS0NSVR1TBZDSANZDB4GC6,Sabina,Pavinese,14,Polygender,$12152.87,2.41
01JMRS0NSW0Q5JSZJ1Y0FN5FB4,Edin,Assiratti,29,Genderfluid,$12661.93,8.63
01JMRS0NSXGGSGP13W2P7T3EE0,Philippa,Gregoire,25,Female,$18626.37,7.19
01JMRS0NSYXQHJF5JWE1PVSQS7,Annaliese,Percy,15,Female,$25280.59,7.69
01JMRS0NSZ25XC0VXDTD7ZQ8WQ,Verina,Bartolacci,33,Female,$45477.57,7.9
01JMRS0NSZHJRPSFAQ27ZCQQC4,Andriette,Ladell,20,Female,$11757.18,5.53
01JMRS0NT0QAA0Y5E8B7RB2MYB,Evita,Meredith,26,Female,$77999.49,8.56
01JMRS0NT19NJQDW46YK7DQK4M,Madelin,Prozescky,21,Female,$98548.84,4.36
01JMRS0NT233Q51DG7VW6PZR13,Wendie,MacCulloch,31,Female,$48684.78,2.78
01JMRS0NT3EGKVWMKCEMRTBH34,Werner,Zellick,31,Male,$60628.98,7.35
01JMRS0NT4KMWX0V9M74R9W7AG,Natty,Zambon,12,Female,$63310.96,6.53
01JMRS0NT5Y4NJ2Y99M6CKZVX7,Ezri,Wooffitt,18,Male,$89583.58,4.34
01JMRS0NT6J9YZQF56VD13A275,Corine,Mouan,28,Female,$52804.14,3.57
01JMRS0NT7XCR9FNY3ETY95GYH,Frederic,Michelle,12,Male,$18826.68,5.77
01JMRS0NT8P00PFF6EKYZ9SHQY,Rene,Linley,26,Female,$19496.03,8.88
01JMRS0NT9QFEFQYFJDMPX9VKN,Heywood,Ambroisin,24,Polygender,$25808.83,8.93
01JMRS0NTASAB2W82Z4J89DRJP,Fairfax,Marritt,31,Male,$77076.68,1.19
01JMRS0NTAN9EPF7F0WJ74VDE3,Ernst,Carus,18,Male,$77842.62,7.03
01JMRS0NTBECT12ZQWVBY550MG,Laird,Shakesby,15,Male,$76929.10,4.27
01JMRS0NTC7JP3MQ149CP9J431,Debera,Eyton,27,Female,$52021.74,7.82
01JMRS0NTDDFBMKF3H1XA2JV90,Cordy,Calkin,35,Male,$26820.99,9.81
01JMRS0NTDDD2FA9YC3DNQ2XXE,Patty,Imorts,13,Female,$14528.15,2.31
01JMRS0NTEBG52TKBG2B6GNXKG,Niven,Tippell,31,Male,$20692.60,6.1
01JMRS0NTF855742BJC64E9WNP,Merrie,Simnett,15,Female,$90067.21,3.48
01JMRS0NTFZ1PR6B7VB4W9CG6N,Trevor,MacFadzean,28,Male,$48153.68,3.7
01JMRS0NTGBNG1VZDASE8709FQ,Frazier,Pomfrey,36,Male,$99739.31,3.38
01JMRS0NTHQMWS7RQRZT3TQWT2,Atalanta,Burberow,14,Female,$26838.14,7.0
01JMRS0NTJA7CTHVP6YS1KK0N6,Cathie,Vahey,34,Female,$47258.50,8.02
01JMRS0NTKK9ATJ8T8ZNJPDYEY,Brendon,Clendennen,26,Male,$21329.35,7.79
01JMRS0NTMP5CDGPCF0XZPBX8H,Myrtia,Whisson,31,Female,$71483.26,2.52
01JMRS0NTN804YF9NYWSEESGRX,Herbie,Tinklin,29,Male,$49372.02,8.1
01JMRS0NTPX2142TEZG74Z7WEW,Wald,Bellord,15,Genderfluid,$52887.30,7.51
01JMRS0NTQXK7P7BR3H5K1DZXD,Daloris,Pattemore,25,Female,$84951.64,2.11
01JMRS0NTQRDGHKJCPJ01B2RJG,Muhammad,Gamlin,14,Male,$45227.48,8.17
01JMRS0NTRBPQSK917ZFDMBXZZ,Nollie,Maling,16,Female,$59956.57,2.63
01JMRS0NTSEH2AXQ1M4KHBN7HM,Brooke,Blabber,25,Male,$28075.28,6.93
01JMRS0NTSESRVRSRR44F4K82N,Bail,Gecks,31,Male,$23839.62,3.96
01JMRS0NTTN5C4D4JTKGGEHMPB,Luigi,Scanlon,33,Male,$98023.24,1.83
01JMRS0NTVGGH051YFDDFJMM92,Alexio,Roscamps,15,Male,$12442.14,3.2
01JMRS0NTWD7VKJZWVKH0GM0PD,Jeanna,Maciocia,16,Female,$81252.93,5.29
01JMRS0NTWM0D809VD7FA86VDM,Trish,Commins,17,Female,$93563.60,1.66
01JMRS0NTXF9W5A2DY9ABCZ43Z,Adriane,Gillinghams,17,Female,$59298.29,4.41
01JMRS0NTYZTXGDVH4T21NWE5R,Theo,Cluse,32,Male,$99762.55,3.62
01JMRS0NTZDZ1RXWX2VMAMRNRS,Arluene,Lethbury,19,Polygender,$40972.93,8.85
01JMRS0NTZVNNMEBJN8X9WFQ87,Raynard,Gail,12,Male,$62308.05,6.66
01JMRS0NV1NP9GBJ05NBYR9F1A,Clemens,Marnes,15,Male,$41951.38,4.25
01JMRS0NV2PZT5QRV2HYBX2PGW,Darill,Duffie,12,Male,$80503.64,6.22
01JMRS0NV2RD01ZY15KV254909,Corbin,Tremethack,13,Male,$45732.38,6.11
01JMRS0NV3QTNTF5BT63FMEJ4P,Winnifred,McGilmartin,12,Female,$52402.75,2.06
01JMRS0NV4AXBPDN32YP2X0RF9,Rafael,World,29,Male,$43069.22,6.14
01JMRS0NV5GN13SB7GTWSFCBJ5,Ondrea,Clifforth,16,Female,$40178.45,1.52
01JMRS0NV54VDNTAG0J8BR0J5X,Ami,Mather,15,Female,$81635.67,3.01
01JMRS0NV6QS3413FSWGAJZ76F,Calv,Blake,24,Male,$32902.99,5.91
01JMRS0NV7WTC338AXBNE62WFB,Maurice,Clinton,29,Male,$14540.10,2.77
01JMRS0NV7328W2NMP8NX3WT4T,Glenda,Finders,19,Female,$84314.11,6.52
01JMRS0NV8KQ1ZQPZKVRMMRVF4,Dulce,Abbs,21,Female,$54143.40,7.85
01JMRS0NV9RV982Z5X6546CBBF,Burnard,Stocky,12,Male,$84418.99,2.94
01JMRS0NVAC0HKRMBXV1ADHE30,Georgeanna,Stather,36,Female,$64808.65,9.81
01JMRS0NVARTSZWMXM4462D36J,Wolfgang,Bennit,22,Male,$95510.00,8.67
01JMRS0NVBC7ABQ0G7M0XHX1P6,Harmonia,Hornig,25,Female,$38628.63,6.5
01JMRS0NVCRBX1BYNA1M5Y1JSC,Nanon,Haith,30,Female,$37043.88,8.02
01JMRS0NVDS4ZZ5GA44HH8B3YP,Reggie,Dominick,24,Male,$93904.13,5.98
01JMRS0NVEQWBKBB4ZKZTDNJJC,Olly,O'Giany,32,Female,$87003.81,3.42
01JMRS0NVEB3MFPFGZPVBT5WBD,Franz,Madgewick,30,Agender,$64058.46,6.96
01JMRS0NVFVQ27T3K1FNXK0AY7,Monti,Deacon,34,Male,$40389.58,6.41
01JMRS0NVG8KMJNH1BXAMJJHH0,Miner,Dicty,34,Male,$85107.57,6.41
01JMRS0NVH8HJ160VX7413DT32,Carolin,Kildea,22,Female,$24350.25,2.73
01JMRS0NVJFNHHMDF5ST85QRZ2,Claresta,Blencoe,20,Female,$68033.23,3.19
01JMRS0NVJ3BFVSRB4P68ZTQQX,Eddie,Prandoni,23,Female,$87242.51,9.07
01JMRS0NVK0YGZYCFBHPX0V979,Carlotta,Weeden,25,Female,$70561.01,1.88
01JMRS0NVMJQCEJ27G6BFWQRWG,Coleman,Pilley,27,Male,$17415.48,7.19
01JMRS0NVNWGYG7WJDSXMEYTM7,Eugen,Cleveland,31,Male,$23777.65,9.26
01JMRS0NVPBSTS9VDT9Q68K3SB,Regina,Haylor,13,Female,$74051.78,1.5
01JMRS0NVQ7HKEN21D0MPJS28R,Frasquito,Heims,24,Male,$56986.19,5.47
01JMRS0NVR26RTCZ09H9J1EVNQ,Allyce,Rickett,12,Female,$86548.09,4.29
01JMRS0NVSY49J2CDM33VZP8KT,Alecia,Philcock,29,Female,$72766.00,6.63
01JMRS0NVS2TF9M3EV5N2ADXMS,Tarah,Meyrick,14,Female,$48937.65,1.97
01JMRS0NVTJC5HCMSPRZVGEP5F,Jim,Charge,24,Male,$32060.00,6.04
01JMRS0NVWCDDJ9TZ8CEME0KD2,Jordanna,Wigglesworth,24,Female,$80066.61,9.58
01JMRS0NVXGQCJCM9GCNY39Y1V,Rowen,Comello,29,Male,$34901.34,2.98
01JMRS0NVYSJKR365CW12G0ZMQ,Ashley,Culbert,15,Female,$15815.57,2.95
01JMRS0NVZY16WN75G71A64549,Aloise,McCrorie,26,Female,$57816.84,1.28
01JMRS0NW2FS9V1PYM807XXH08,Rudiger,Pawnsford,36,Male,$44109.88,2.19
01JMRS0NW2TJATRC6Y5ZST4YSA,Giffy,Duffell,17,Male,$11720.39,1.38
01JMRS0NW3R0PNH2GX7CYK81R0,Dyanne,Harriss,34,Female,$70788.08,9.96
01JMRS0NW594QSZ4BCG8BECSD5,Ashly,Woolcocks,17,Female,$60132.00,9.58
01JMRS0NW7P4B0Y5KRZ021JF6T,Candice,Colbridge,33,Female,$21125.41,6.16
01JMRS0NW9RC4AMMEEED4SMY2M,Smitty,Sowrah,33,Male,$96734.96,2.6
01JMRS0NWB7GNYQNYTK1H52N27,Kenna,Falco,16,Female,$41962.99,2.44
01JMRS0NWC3JGEZX1BPPA5F7N2,Purcell,Bettley,13,Male,$72673.02,6.13
01JMRS0NWETA4BM8R0XR85HWNP,Ruddie,McFall,32,Male,$53302.10,1.79
01JMRS0NWGJBWAXCHJ12DHV9MV,Elyssa,Dilston,25,Female,$47016.59,9.4
01JMRS0NWHPYZTPAKMVJ5591AW,Denise,Kelleway,33,Female,$38147.35,3.62
01JMRS0NWHF0ARKBP0MDPW7S3W,Harvey,Station,19,Genderqueer,$90754.29,9.81
01JMRS0NWJ3BWT7S8KR8XXMW61,Spencer,Dillintone,26,Agender,$50760.17,9.63
01JMRS0NWK7P0QYJV1GBV4CY7C,Ave,Duggan,19,Male,$65134.32,7.64
01JMRS0NWM1BZBS1RJRHJ2F85J,Catarina,Himsworth,18,Female,$13757.96,1.04
01JMRS0NWMDMBDM3D6VCA7RAS7,Belia,Nattriss,12,Female,$85420.45,8.65
01JMRS0NWNAM6XX2PTQATFQPCT,Broddie,Loudon,34,Male,$17804.33,6.53
01JMRS0NWP4HE84YD3QZDQWTV7,Shannon,Whitsey,22,Male,$61631.01,7.28
01JMRS0NWP5P8FAPBX6T9AH6MW,Liz,Farrance,18,Female,$36354.67,3.45
01JMRS0NWQ6W53X9QSB9XYW2SP,Antonina,Eggleton,33,Female,$24193.13,5.32
01JMRS0NWR5KSQJM7QBQA73AP8,Lowell,Manon,23,Male,$17089.96,3.94
01JMRS0NWSRBNCP5MRK274FX03,Sigfrid,Beyer,27,Male,$26564.21,1.61
01JMRS0NWTBWK1EJEG5TT73F3Y,Malorie,Northern,24,Female,$88297.88,6.65
01JMRS0NWTP6TK2R6FEDY946HE,Marcella,Fewell,36,Female,$67765.93,4.1
01JMRS0NWV1BDM5QRPRWE5PH56,Ashlen,Staggs,12,Bigender,$16732.54,5.96
01JMRS0NWW6CXR80G2QWVRNP6Q,Barbey,Sparwell,25,Female,$43337.30,7.04
01JMRS0NWXC8CXZGS3DHW0NGXZ,Wynne,Patershall,33,Female,$11090.68,1.69
01JMRS0NWY2HEVW9YZZATAQSK8,Rahal,Bryden,28,Female,$98103.60,9.92
01JMRS0NWYKAX823HCF1G0KYTY,Bengt,Pascow,35,Male,$94558.16,1.12
01JMRS0NWZJAJ4KN8049ZWB5ZZ,Raf,Fenimore,26,Female,$54699.74,1.94
01JMRS0NX0N3EGJR3REX45B82M,Jeddy,Dooler,25,Male,$96837.86,6.2
01JMRS0NX1MK003VYG0HQFNKBK,Kamilah,Lovering,21,Female,$28390.33,4.34
01JMRS0NX2ZXD82X8B26257A50,Cece,Rablan,12,Male,$81443.25,3.45
01JMRS0NX2SDTVGB1BDA6BVQG0,Cordell,Cleator,21,Male,$62363.65,8.68
01JMRS0NX34Q295NR2HF5ZB4ZV,Bartel,Core,22,Male,$10490.66,5.85
01JMRS0NX4XERZDEVMKG5X0E6S,Estrella,Simmank,13,Female,$45784.87,3.61
01JMRS0NX542NZ28FZKG04Z9G5,Byrom,Duffil,14,Male,$13584.69,4.15
01JMRS0NX623E9XR24Q4Y4J85C,Trenton,Swalwel,32,Male,$51096.68,5.16
01JMRS0NX7NPY1HN2TBBCX9260,Darrin,Schrieves,23,Male,$10457.01,5.87
01JMRS0NX7YYWMTA7KYBBXGQFY,Berkeley,Canape,15,Male,$99856.47,3.14
01JMRS0NX8KEDEK6C5754XSA99,Barrett,Staley,29,Agender,$77679.04,8.96
01JMRS0NX9C37SQ27B8927YS3B,Holmes,Bielby,20,Male,$30674.46,2.71
01JMRS0NXAKX7MCCDFMWGX7GF4,Cori,Devereu,23,Male,$42660.14,8.78
01JMRS0NXB0RWS8J1VSR66G5ST,Moreen,Orrow,12,Female,$55693.88,6.47
01JMRS0NXCVA5E8F3RXVK79VKY,Desi,Beechcraft,23,Male,$61059.58,2.46
01JMRS0NXCJJ1G5R8YP0ZAJHA2,Ruby,Vooght,28,Female,$86673.02,2.41
01JMRS0NXD9C1122R0G0W3DBMX,Feliks,Greensitt,29,Male,$92190.92,9.61
01JMRS0NXEG5CCA6XNZCBDHM79,Lenci,Rainford,22,Male,$66464.62,3.78
01JMRS0NXEQDTA434KRXNMW7RM,Gaile,Egell,14,Male,$78369.77,9.11
01JMRS0NXF3H6XF9ZMR0RD317Y,Betsey,Candish,25,Female,$33501.15,8.17
01JMRS0NXGM1EEF7WFJH115M0X,Robby,Nesbitt,35,Female,$71083.43,8.78
01JMRS0NXH08TKBHG3RCHD54Z4,Whitby,Pleasants,17,Male,$66843.31,6.8
01JMRS0NXJVAFKCA41DZ31XMN3,Ruthi,Yeiles,21,Female,$29930.82,8.54
01JMRS0NXJMR3BVAPNR0FCNN8Q,Cletus,MacArdle,17,Male,$21471.04,2.97
01JMRS0NXKNN2RE16N6QQZ51GR,Adam,Ruhben,26,Male,$24191.33,9.12
01JMRS0NXM81X42N1QHYDTKM84,Gottfried,Tarpey,30,Male,$69078.46,7.14
01JMRS0NXMDRSYQCQ29XP9VJ6N,Genvieve,Walklott,34,Agender,$52621.06,6.87
01JMRS0NXNZF9NYDNZN8KP48PS,Sal,Blenkiron,35,Female,$59097.85,2.73
01JMRS0NXPQKQ2HFHQAC0RH086,Dario,Cargill,15,Male,$70171.43,2.26
01JMRS0NXP7AQGX1Y5GVSRB88A,Corly,Scotland,34,Non-binary,$82024.73,3.01
01JMRS0NXQKCV1K2PPVYS8TC5T,Bartolemo,Cullrford,24,Male,$20001.94,3.19
01JMRS0NXRMNHD1MWFMEBSANS6,Edithe,Fellow,27,Female,$47114.62,3.25
01JMRS0NXRK113VRF7A9BCR5AW,Phillip,Rishbrook,27,Male,$84911.69,7.24
01JMRS0NXS8PRA4DK5RN72AZP0,Leland,Mablestone,32,Male,$68813.05,5.66
01JMRS0NXT6GX36AYE426H4M52,Georgeta,Paulsen,20,Female,$49785.69,3.78
01JMRS0NXVM3TF87V12JNTK6DP,Sherlocke,Willsmore,19,Male,$95167.88,4.07
01JMRS0NXWJ3W9CY370XGPTW9Z,Jermaine,Mongan,16,Female,$87718.86,4.01
01JMRS0NXWNX7TBR74QXXPFS33,Cherida,Maddin,35,Female,$29401.10,1.72
01JMRS0NXXMT3W8QA4PB1K4MHK,Raye,Stiger,19,Genderqueer,$51693.56,2.58
01JMRS0NXY75TV2GYAVXMSKF51,Britt,Arlett,17,Female,$98607.12,6.32
01JMRS0NXZWFRGEHDD4932MSVX,Myranda,Arpe,17,Female,$53103.72,4.58
01JMRS0NXZAWY1292XB0X53G6N,Thornie,Pudsall,29,Male,$92044.55,5.04
01JMRS0NY0M3H89CNF65P82KTV,Ernesto,Cordelet,29,Male,$81614.32,5.43
01JMRS0NY1VVXEMH14DMQTMX1C,Stanleigh,Spiring,13,Male,$42675.49,5.39
01JMRS0NY2X93T76MHA7J8NKYE,Brenn,Dreghorn,20,Female,$97421.76,7.84
01JMRS0NY3FM6PSMQH14FJV10K,Erna,Doucette,25,Female,$17155.57,7.4
01JMRS0NY4GZN9H3VT92E4ZRPC,Meridith,Figure,27,Female,$90047.19,4.26
01JMRS0NY59FQTW6J5WQZQFKCJ,Leupold,Blandamore,15,Male,$61585.95,4.82
01JMRS0NY6N8F2VH5JRBVHEF9Y,Vasilis,Kilkenny,15,Male,$94807.34,2.61
01JMRS0NY65S06TQZCPK5QRDDB,Chariot,Stainsby,23,Male,$78472.96,9.18
01JMRS0NY7QTA00CDD6T6J6BQ7,Clayborn,O'Hickey,27,Male,$39584.77,9.77
01JMRS0NY8R238VJMW0CWD7BEZ,Rora,Whetnell,33,Female,$84509.75,5.85
01JMRS0NY937H7M36BWMVWBR7R,Urbanus,Cheale,34,Male,$22596.68,9.9
01JMRS0NYAK0Y2SHGG4KEZNMMY,Mariette,Gellert,12,Female,$94621.37,5.21
01JMRS0NYAKN3D1CP1SY5VRJ1V,Roi,Decent,20,Male,$57394.69,2.25
01JMRS0NYB0SYRQPJGY3KP79G1,Jennee,McIlvoray,13,Female,$70248.44,3.55
01JMRS0NYC101ZHQW6GJPB8N5G,Viole,Jeduch,12,Female,$72287.52,5.16
01JMRS0NYD0A99QVH1DC1SG6ZE,Timmi,Kastel,24,Female,$88746.73,8.06
01JMRS0NYDHKRP6TWX1GD7H9SZ,Corri,Kadd,14,Female,$59543.32,3.51
01JMRS0NYETZ31A1XPSH211M6B,Konstance,Skelhorn,32,Female,$44994.76,9.92
01JMRS0NYFVC3KB8E4YY7RFDZ2,Arnaldo,Rival,16,Male,$78624.56,5.97
01JMRS0NYGNAVETVYYYKNSQR0W,Danni,Pykett,29,Female,$41774.51,6.08
01JMRS0NYGDEKV4K2W4SM4GJ0Q,Phillida,Philipsen,28,Female,$75690.55,1.02
01JMRS0NYHYSX39ZJT1A11PH64,Lance,Lynes,19,Male,$44343.05,3.09
01JMRS0NYJ5PQ1MG90DVRAZJNN,Orsola,Carluccio,22,Female,$61656.44,8.84
01JMRS0NYK71VDB7RER6WZVFJ7,Ardys,Teasdale,20,Female,$80779.26,6.1
01JMRS0NYMCDCKEXFWWQC3G345,Sissie,Redmore,34,Female,$32269.98,2.98
01JMRS0NYNVQY6Z8X03V3XKE55,Sybil,Mc Kellen,13,Female,$58498.77,6.71
01JMRS0NYN54KMFFZKYZ57FDVP,Eugenio,Petrosian,35,Male,$90584.10,3.46
01JMRS0NYPMPNC89NMYEGT7889,Bette-ann,Martinyuk,12,Female,$47335.50,8.22
01JMRS0NYQCM16JW4HWD9QQRTR,Maddy,Sustins,13,Female,$89740.32,8.56
01JMRS0NYRDB7NAP62BN1K0DTJ,Hermione,Dymick,12,Female,$14241.95,6.78
01JMRS0NYSR9J34TFHKC99EKHQ,Benito,Prine,31,Male,$74719.28,7.82
01JMRS0NYTQ7QBTZ1HRNCRT2SN,Maritsa,Simm,13,Female,$47044.60,5.63
01JMRS0NYVF9C40N0KY0NTAKR6,Filip,Bark,25,Male,$84417.56,7.99
01JMRS0NYW28FQBNKVPMNXGJ3W,Doll,Bulford,18,Female,$59823.81,1.4
01JMRS0NYXH9R75G7H7TH6RNFY,Bartram,Jorge,17,Male,$38209.24,2.16
01JMRS0NYXZWXE0SVXXQ5582F0,Ruthie,Jurca,29,Female,$22185.71,6.72
01JMRS0NYY6MDDVQ5WAXE917TZ,Desdemona,Woodland,30,Female,$39763.65,8.53
01JMRS0NYZ7Z2G9V2AQ1C6CCEV,Chas,Gillean,30,Male,$23538.09,3.48
01JMRS0NZ0X3108B4H1G0YSXXT,Milly,Sweetman,30,Female,$59617.81,9.75
01JMRS0NZ14VYD06ESXNR29751,Tonya,Harker,14,Female,$34911.18,6.53
01JMRS0NZ2P2NTC4T5TW2DXQHM,Bogey,Twamley,13,Male,$81447.34,6.07
01JMRS0NZ33NWSGWZGD1YW64Q3,Rhona,MacGibbon,21,Female,$11912.22,7.0
01JMRS0NZ5860TG96VSC45KHTH,Joscelin,Halliberton,31,Female,$22151.72,3.34
01JMRS0NZ71EB74VA3SHNF3WHF,Donalt,Birchett,30,Male,$76547.84,6.31
01JMRS0NZ8F8GQQSZF0JWBZKF9,Lucas,Starten,30,Male,$45957.90,3.7
01JMRS0NZ9J3GMREA2GYRV412Q,Price,Dashwood,35,Agender,$88084.18,9.73
01JMRS0NZ9B73Y77ZC8KVZ035S,Drake,Caplin,29,Male,$98414.07,6.46
01JMRS0NZASB40SVYWJ2ZA5BP1,Ebony,Tommaseo,31,Female,$14262.27,1.23
01JMRS0NZBWCQ6Y5VC8A7TMRJ2,Paulette,Provost,22,Female,$86014.16,7.72
01JMRS0NZB36EG0KQAWSKE5ATY,Emlyn,Walding,23,Male,$16298.80,2.82
01JMRS0NZC3MA6XGHPMZGYQQ2E,Emanuele,Glasheen,32,Male,$56272.07,5.95
01JMRS0NZDBXXWPQEQ3QTNWQ3D,Krispin,Danforth,34,Male,$81727.14,2.67
01JMRS0NZESWHNST4RSFJVNXFT,Charmaine,Pett,22,Female,$47594.23,7.01
01JMRS0NZF9P7WR3DQWKB9B8W1,Lynne,Smeaton,27,Female,$46553.83,1.26
01JMRS0NZFR9BKNF44DT8AMJD9,Meriel,Roskelly,18,Genderqueer,$56374.22,6.6
01JMRS0NZGGM5YDFJ4Y5M3XMPX,Lorant,Gonsalvo,18,Male,$12728.49,8.99
01JMRS0NZJRHJNVVRB4Z0KTX9Q,Aeriela,MacGillavery,18,Female,$99175.15,8.01
01JMRS0NZKNZJ149Y6FK998PXF,Octavia,Matzl,33,Female,$62092.92,5.76
01JMRS0NZM5N09WT9FFJJRQ5HZ,Latisha,Dunkley,29,Female,$95564.04,6.16
01JMRS0NZNF9WE2C9X7KRVJMDS,Luise,Pree,23,Female,$78053.74,6.53
01JMRS0NZPQ9ARDD167G0J78HP,Berne,Ledgister,35,Male,$77450.13,8.28
01JMRS0NZPRCMW5E1QV6JTR66C,Janelle,Piechnik,30,Female,$12193.71,2.53
01JMRS0NZQ8RJH6XJYPQS7TEQB,Heath,Rankling,28,Female,$66916.92,5.75
01JMRS0NZRKYVXRJHANFW8TGVJ,Tess,Allsworth,26,Female,$81186.61,3.85
01JMRS0NZSW2PR61MQBD4116CK,Jenifer,Hallums,21,Female,$63335.66,8.96
01JMRS0NZSSD1Q2PN79Y4CP805,Georgine,King,13,Genderfluid,$78501.23,7.59
01JMRS0NZTXS590YE1P1XPH6XW,Letisha,Ennion,24,Female,$10949.68,7.31
01JMRS0NZVZ2WF809HZ99DZ7GA,Noland,Gulberg,27,Male,$38064.70,3.11
01JMRS0NZVM9Y4K1QY9XADZWBY,Timoteo,Terlinden,17,Male,$77858.21,1.51
01JMRS0NZW1PQKM7PVPXWNB4SS,Tudor,Schankelborg,30,Male,$88520.58,3.11
01JMRS0NZXSEDGQANS9AZGYEN2,George,Bittlestone,33,Female,$94983.21,1.22
01JMRS0NZYV17DYSRBBWX2GZH3,Marlo,Hambelton,32,Female,$67006.89,9.46
01JMRS0NZYT3FT04MSFM7KVSNC,Timmie,Noury,24,Female,$39238.29,4.55
01JMRS0NZZDTESZVKMVQ75RP8Q,Cosimo,Postans,13,Male,$18386.96,4.65
01JMRS0P01PZWE8WS7CTD7G2JY,Emilie,Sargint,31,Female,$31728.20,1.97
01JMRS0P01JH7QJ9YGB098PP8S,Patrick,Nisen,16,Male,$96363.29,1.1
01JMRS0P02EX8PKRVN6YS4YJMH,Otho,McLeman,13,Male,$79177.35,6.06
01JMRS0P03AAA2KF5E0DB40YEY,Shel,Teal,12,Female,$36548.39,3.62
01JMRS0P04W4EWHY4RP9GDKV02,Hilde,Kobpa,17,Female,$29339.68,9.33
01JMRS0P04QPT42ZM5QJDA5D84,Ned,Stode,20,Male,$52675.07,1.44
01JMRS0P05TSYMB1VA1CD14VZF,Davin,Whithalgh,29,Male,$17842.58,1.77
01JMRS0P064NBTM8CG017N1C2Y,Al,Joynt,32,Male,$78676.14,8.2
01JMRS0P06NB6KS0WTJ655ZZ6D,Wayne,Carress,16,Male,$31987.18,2.67
01JMRS0P07FHX5JQMCE1PPDFMB,Letty,Nosworthy,32,Female,$60598.08,4.01
01JMRS0P08F03H5CWKSA6CJCYA,Abbey,Artis,35,Female,$93422.67,7.78
01JMRS0P0954GB88MQ5GW2JRNA,Bettina,Fancy,12,Female,$33705.38,3.9
01JMRS0P09NFHM4XFXE1C238HN,Lulita,Venmore,19,Female,$53010.84,4.72
01JMRS0P0AM8V02EX7VQFP88ZP,Maddi,Sivewright,27,Female,$49543.01,7.89
01JMRS0P0ABZ9N2PE78J51YJ25,Joe,Sweet,30,Male,$41459.87,3.31
01JMRS0P0BHJHWDFGPZM95X1ZW,Danny,Jeacock,32,Male,$91694.69,2.07
01JMRS0P0C59Z3KA0BCYFCPV08,Nikoletta,Mendus,33,Female,$93845.48,8.65
01JMRS0P0DH1Z2DZ3YQ355SW64,Gael,Hartnell,21,Bigender,$38179.79,7.91
01JMRS0P0DN6H5QJ2T7A0R81KG,Gregorius,Algate,12,Male,$46734.40,9.16
01JMRS0P0EK2QB97RJ7QGEPYHD,Thaddeus,Gooke,27,Male,$68357.30,2.75
01JMRS0P0FGQEG9ATBT13D51QN,Gibbie,Yukhtin,24,Male,$39008.47,7.92
01JMRS0P0FAKPY4198CKWF8Z64,Tyson,Bareford,32,Male,$17008.70,5.37
01JMRS0P0GZ5ZZF5SQS045AFRX,Athene,Doodson,22,Female,$42156.81,2.45
01JMRS0P0HE8QEA7RE4G5QSG51,Easter,Rouch,24,Bigender,$88991.69,6.16
01JMRS0P0JKDE2HK38C3JYT7ZY,Delila,Corriea,28,Female,$16471.72,7.42
01JMRS0P0JS1J0HGBP09PQJ6PQ,Lea,Mattek,20,Female,$19419.68,4.17
01JMRS0P0KHG421GFPPGSJMRNV,Gordan,Ottewill,26,Male,$90543.17,8.15
01JMRS0P0MYWFW9PVZ7F5E815D,Norine,Presman,29,Female,$94006.00,5.03
01JMRS0P0MZ1W27BGQTXMAJGN7,Barry,Jancar,29,Female,$24516.51,4.88
01JMRS0P0NMBQ2K1D8FZHP3XYA,Delila,Condict,20,Female,$79683.39,4.22
01JMRS0P0PZBHWZ01HQG2M817M,Fania,Runge,29,Bigender,$86485.32,5.15
01JMRS0P0P3AW2PY4T5ZES9S42,Bevvy,Barhams,33,Female,$20883.20,9.44
01JMRS0P0QJQT2JYSD9E4NAZNG,Winnah,Comelini,33,Female,$30032.62,6.93
01JMRS0P0RMGQQS4XJA562RYM1,Gaston,Gerrens,19,Male,$12192.72,7.06
01JMRS0P0RG5KPAS7YWT64R2T0,Anthe,Stone,28,Female,$99244.10,4.33
01JMRS0P0SX16RC4TYMPEKTJ4D,Lanae,Bodley,24,Female,$95187.01,6.7
01JMRS0P0TR5SB0SPDKVVM39XY,Gun,Perigeaux,17,Male,$23670.12,2.86
01JMRS0P0TAVT75TR8TZW48W48,Cullen,Jehu,13,Male,$37005.92,2.15
01JMRS0P0VWTJN49267PW4YRHH,Andrey,Lucy,28,Male,$74117.31,7.47
01JMRS0P0WK2VE8YR1V5P9EEJM,Bonnee,Byway,36,Female,$75298.41,5.68
01JMRS0P0X76S6PPGAZ7QX2Z87,Chico,Bartolomeotti,18,Male,$88776.42,8.51
01JMRS0P0XCZYZ85N76ARGB3S8,Ashton,Kemery,23,Male,$83079.87,1.92
01JMRS0P0YDZS0ND447DQ6BYBG,Ines,Coy,27,Female,$38407.50,9.23
01JMRS0P0ZP3HBDD82YKJ3DRQ2,Ambrosio,Moules,30,Male,$64679.78,3.17
01JMRS0P0ZD403Z0A5CKCQ5KK6,Eleonore,Fleury,13,Female,$98180.39,4.22
01JMRS0P108VCPKEW99FRJV38F,Creigh,Storrs,14,Male,$60290.70,3.13
01JMRS0P11MM80A3T6KC1TM8V5,Shaina,McCrackan,29,Female,$68376.70,1.69
01JMRS0P1136AE7J63ZKJNXBSV,Katharyn,Christy,14,Female,$50576.16,1.44
01JMRS0P12XREGD3P8PBQSXHP4,Arin,Lanham,17,Male,$73113.59,6.79
01JMRS0P13W6KJERZPSRQAEN2D,Cacilie,Grigsby,15,Female,$98519.40,5.8
01JMRS0P14GPM3GJQW7NHE9Q82,Cloris,Gunnell,36,Female,$13418.26,4.21
01JMRS0P14ADGZATEKC9YP2AC4,Valida,Hully,24,Female,$61138.61,7.84
01JMRS0P159QKJY43AAF3JD2GV,Binky,Nason,22,Male,$53233.08,2.53
01JMRS0P16YA61A6A3GH0KHFZ6,Nikkie,Fyers,26,Female,$99809.16,8.04
01JMRS0P18HYNP65TPMB991T6R,Shirlene,Pounds,36,Non-binary,$44214.62,8.4
01JMRS0P1ABQQDYX1W6CCPQF89,Augy,Tzarkov,12,Male,$40757.21,3.23
01JMRS0P1BCFWNB6MA8HPZXBAN,Carin,Vasilyevski,23,Female,$24785.60,6.38
01JMRS0P1DKX4GD2JT6TG2XZSD,Betti,Hasnney,34,Female,$44722.39,9.0
01JMRS0P1DA1Q9TGWCY5DHRMV2,Gerhardt,West-Frimley,22,Male,$74779.18,8.69
01JMRS0P1EB2RJCS7V41JR4STH,Jane,Nollet,12,Bigender,$39771.57,3.23
01JMRS0P1FYAXZXQZMP8EF9Q8A,Ilario,Buse,23,Male,$18772.97,2.99
01JMRS0P1FQYQP34S34Q5MGFJT,Wilhelmine,Ogglebie,26,Female,$80332.09,7.24
01JMRS0P1G8QE327JAW7NE7PD4,Randolf,Esp,24,Male,$11074.47,2.71
01JMRS0P1HFS0FJVT2H8JXWJF1,Sander,Haxby,18,Male,$38694.23,6.13
01JMRS0P1H2GC97D1HY7KQSSBZ,Harrison,Theze,16,Male,$36082.15,3.3
01JMRS0P1J5SQGQ8ZJND79061Y,Alexa,Logsdail,12,Female,$98112.27,5.51
01JMRS0P1KB0N6ZGXDWGC8EA9P,Odille,Luis,28,Female,$33272.67,8.55
01JMRS0P1MB1M2F6QV0AQB1CDB,Luci,Rowet,28,Female,$85058.21,9.24
01JMRS0P1MY3WQH4NCACZD8A0X,Wait,Sporgeon,34,Male,$99399.93,7.48
01JMRS0P1N82B0M7DD4E9MRWRE,Aleece,Marusic,23,Female,$32517.65,9.13
01JMRS0P1PP8FDMYWEHT78GTJG,Ursa,Davydenko,22,Female,$76148.01,8.37
01JMRS0P1PEB0Z2358NW1EHMDP,Farleigh,Sharpous,29,Male,$57444.39,3.85
01JMRS0P1Q4P08NHZDAHC25TF8,Janos,Stife,28,Male,$49457.06,9.58
01JMRS0P1RE46FGV8APGBCRN10,Lucienne,Merlin,13,Female,$61709.09,9.75
01JMRS0P1SDQGQAV5C5B81E2CE,Elisabet,Boshier,24,Female,$36388.25,9.58
01JMRS0P1S94XGMA1P5KK5W7JS,Cecilia,Duthie,23,Female,$71723.63,7.08
01JMRS0P1T38CJMAWZ42G92C25,Chicky,Denecamp,17,Male,$85694.01,2.03
01JMRS0P1VH5Q3HEYVENET4E70,Kayla,Butland,22,Female,$56410.68,6.15
01JMRS0P1V201F1FCRRCTZMKYS,Ricky,Valentino,12,Female,$47327.23,2.88
01JMRS0P1WR4J4PSYVHGM9H3K0,Marie,Haselden,22,Female,$10919.79,8.9
01JMRS0P1XV1P3B2EWKJK99Y5P,Burgess,Kubes,12,Male,$15590.97,4.68
01JMRS0P1XNTZE8YGR5Q17371D,Tasha,Power,34,Female,$99052.52,9.47
01JMRS0P1Y351JNWQ5VQM6DN9Y,Rodrique,Finicj,28,Male,$80692.39,1.14
01JMRS0P1ZWPJ3A1D4GEF5X5CT,Linzy,Scanderet,13,Female,$71840.85,6.55
01JMRS0P1ZQ0RE4ZCJT5APHXPQ,Thorvald,Renhard,24,Male,$36534.43,9.92
01JMRS0P20BARSHN4ZERBA9DTR,Monty,Graine,13,Male,$10298.10,9.52
01JMRS0P21VGM7512VDEA6XD19,Yuri,Aizik,19,Male,$67706.48,2.03
01JMRS0P22YJHKVH2NSEWRXXMQ,Hanan,Heinonen,12,Male,$58471.52,1.11
01JMRS0P224WQ95E5NH5B3SK29,Kalinda,Aitchison,14,Female,$57998.58,1.66
01JMRS0P23D5A5ND4TP776Y8AB,Walden,Cockhill,13,Male,$45121.42,8.52
01JMRS0P24P3CXH5JF79TZ8XRX,Kaitlyn,Mickelwright,14,Female,$81996.56,6.73
01JMRS0P2426W097Q8J9T4F82R,Annecorinne,Burrus,12,Female,$90118.57,5.88
01JMRS0P25RK2M127MYTG3SVWF,Garwood,Yoseloff,28,Male,$44788.64,1.23
01JMRS0P26J6Z87YYZ5VRAXS69,Corette,Stanbro,26,Female,$16675.28,5.99
01JMRS0P26CBXXEVB7QM3445E5,Kinna,Isabell,29,Female,$80597.18,5.59
01JMRS0P27R2TBH4KW18Q9H84R,Chloris,Wyld,33,Female,$18716.79,9.57
01JMRS0P287GT51Q9XGSXCBMKP,Guthrey,Lamboll,23,Male,$65528.50,4.48
01JMRS0P29H3CJ7YCG23TFBATG,Merrile,Orrin,25,Female,$32658.07,2.2
01JMRS0P29B76W7BQWGCF2T9KM,Pavlov,Emson,30,Male,$40145.97,8.65
01JMRS0P2A3SCZAZJNYYR4CDJK,Janela,Wickmann,26,Female,$28551.21,5.08
01JMRS0P2BSW14YHYAVXJBWZRV,Renado,Greenlees,30,Male,$56271.00,7.95
01JMRS0P2B8M7N2WTAVPBSSMGZ,Merla,Scallon,25,Female,$57888.09,9.34
01JMRS0P2CDGBNTY69MAE9HE0C,Rhody,Cawcutt,13,Female,$45962.31,2.85
01JMRS0P2DAPEJ6DHK69N6A9DK,Carry,Heinreich,17,Genderfluid,$83496.67,2.53
01JMRS0P2EX6KAE42FF7AV6X79,Brina,Marchent,27,Female,$68458.57,9.1
01JMRS0P2EHADNB40C3KYK20V7,Rancell,Irwin,15,Male,$67282.27,6.23
01JMRS0P2FM81CT908QF73DCVX,Algernon,Valadez,23,Polygender,$96420.91,6.04
01JMRS0P2GW07SMQGNDS34JVM2,Jay,York,14,Male,$66151.67,4.41
01JMRS0P2GYXXRH5TC2RJ6K5AV,Coraline,Eathorne,19,Female,$66406.70,3.45
01JMRS0P2H55KFG3WXC5DZME38,Gav,Waplington,31,Male,$92260.48,9.51
01JMRS0P2JMSFN6Y6JR024XKRB,Jacinta,Noot,24,Female,$85570.47,6.29
01JMRS0P2JBQTCAPEDTF2CMPRC,Romola,Camp,24,Female,$52940.53,5.74
01JMRS0P2KS50FWHHCVRNT0HSJ,Muffin,Goundry,32,Female,$18067.26,3.66
01JMRS0P2MHEK6PXN1NBKC3SBJ,Bianca,Gosby,26,Female,$75890.24,1.53
01JMRS0P2MYJME50DVXT31754N,Sutherlan,Thiem,32,Male,$75461.87,3.08
01JMRS0P2NT06PM4W5HX91TV74,Jacintha,Imlock,22,Female,$14547.92,6.41
01JMRS0P2PCG5MRN67WWPPRAP0,Mateo,Muglestone,27,Male,$64616.08,6.73
01JMRS0P2QZY13Z9P3J717QCAH,Marleen,Nuzzi,20,Female,$56150.78,7.04
01JMRS0P2QYX6XJAZ5QX0SJBH5,Ada,Steeples,14,Female,$23538.25,6.38
01JMRS0P2RHBDB4HH6KG5B3Z60,Delora,Arendt,25,Female,$44294.32,8.72
01JMRS0P2SEF35TP75QFRBJK26,Elliot,Rannells,21,Bigender,$71513.73,8.74
01JMRS0P2SQVZ9VAJC28APEE3X,Wilie,Heys,18,Female,$21214.26,1.81
01JMRS0P2TZEW72V6S7KNSKSVB,Addia,Attle,12,Female,$54448.00,6.36
01JMRS0P2VMF5CNQVXXYFKG493,Hewie,Dryden,16,Male,$88815.92,3.3
01JMRS0P2WTT51Q5VNQB6RYK97,Emmanuel,Pearson,18,Male,$96829.17,8.81
01JMRS0P2W8TR3N3RB4B38ZW44,Kris,Robertis,24,Agender,$37176.03,5.38
01JMRS0P3CMM8P1JBCY5HS16MY,Durand,Milbourne,21,Male,$18183.01,3.66
01JMRS0P3DY7ZBPD62TE7D0WVH,Jerri,Fassan,18,Male,$95082.99,8.62
01JMRS0P3EVFN6E3G0RSKD66CD,Gasparo,Kitney,20,Male,$90989.08,6.6
01JMRS0P3FW9R994RC623E88PT,Ossie,Chaffey,23,Male,$14196.01,5.02
01JMRS0P3FB6YM8TBZV6ZSQSJS,Ethelred,Feaviour,20,Male,$51713.46,5.65
01JMRS0P3G7X8B8DJHKMV14QEM,Wilfrid,Coyne,15,Male,$86404.61,7.56
01JMRS0P3H4K6PJ7H6V38JBXE9,Fallon,Jessen,18,Female,$88164.55,6.6
01JMRS0P3HJMNBNY29K9VK9FFK,Marja,Spreadbury,13,Female,$20234.98,3.42
01JMRS0P3JA2R44A9X6DY6420K,Chantal,Hagan,21,Female,$96694.02,8.51
01JMRS0P3KDS6MY3QKVB6NDSSV,Paxton,Heminsley,18,Male,$92699.01,9.03
01JMRS0P3KF3P7ZW5GQBPC14SP,Siana,Pillington,13,Female,$30626.59,6.81
01JMRS0P3MXQXNB8SB9DN6VZ14,Haskell,Girodon,29,Male,$49236.33,7.67
01JMRS0P3N0VSPH1B2V8ZDHG0E,Shena,Jori,23,Female,$64249.55,1.53
01JMRS0P3P6PN7JKNBE05SFSG4,Dore,Llewelly,25,Male,$89125.39,6.42
01JMRS0P3QFVRN1Z5TXTEEQ33S,Liva,Lafflin,23,Female,$84334.68,3.83
01JMRS0P3Q82T4ZRARGS4N06PX,Filberto,Drowsfield,22,Male,$28551.03,5.23
01JMRS0P3RN65Q8FNBVPPPACYY,Corilla,Insoll,27,Genderfluid,$13468.95,5.35
01JMRS0P3S0A10ZH7VYBF41012,Colly,Geekin,20,Agender,$74562.83,4.71
01JMRS0P3TRPR3NW3ANQ87HNPG,Hubey,Kigelman,12,Male,$33836.42,6.96
01JMRS0P3THD9TKSAW8F647YTS,Sharia,Spillane,36,Female,$35375.56,7.89
01JMRS0P3VY3G4QMVYFSYZSA9V,Jecho,Pfiffer,34,Male,$54120.85,3.63
01JMRS0P3WN96WH9JG7AAQYZDV,Kay,Bodker,21,Female,$18559.75,1.36
01JMRS0P3WH5SXGAC4BY5RGZD7,Edan,Pink,21,Genderqueer,$78997.88,2.31
01JMRS0P3X23RCJ4PJ31C5XHHA,Trudi,Snazel,13,Female,$94376.06,8.21
01JMRS0P3YSDB19CTYQBVW9CE8,Cort,Storcke,35,Male,$13527.59,7.23
01JMRS0P3YZPPW78DQWG6ZET9P,Merry,Verne,33,Female,$10471.81,3.19
01JMRS0P3ZXY61X69FM7T9P3ZG,Joell,Kennford,34,Agender,$72952.83,9.4
01JMRS0P40FCZMAD7HK0TJ2HQ8,Eliza,Ferrara,12,Female,$20174.52,5.88
01JMRS0P41MFCWASAAJXBQDMF0,Aurthur,Gallahue,19,Male,$18938.98,8.58
01JMRS0P413TTN3ABJT13YAK28,Gram,Cunliffe,20,Male,$28809.47,3.2
01JMRS0P42A1XDGXVNSCJ4PANS,Pru,Standring,35,Female,$23091.00,8.13
01JMRS0P43WDC2JHJ2M43ZMV1S,Glen,Booij,32,Female,$85936.03,2.43
01JMRS0P43FYPZMD0R0P2EZ75H,Lorenzo,MacLese,19,Male,$13124.77,5.62
01JMRS0P44S4X018TJVH9Q2PMC,Mordecai,Sackey,18,Male,$45955.23,3.13
01JMRS0P4562PGY4ABCQE9HDSC,Eden,Tommeo,14,Female,$88317.63,4.88
01JMRS0P45QHRHG2H1CHVRBARH,Addison,Gages,29,Male,$42094.84,6.0
01JMRS0P46RQJRPNXF71MHBVZ4,Baudoin,Bradford,34,Male,$18311.10,2.41
01JMRS0P473DHFSE367Q8CT35D,Morrie,Beetles,16,Male,$60194.11,5.66
01JMRS0P47C5HP6XZYCS1883DC,Cristine,Peeter,15,Female,$67250.24,4.55
01JMRS0P48D3M99QTA8HWJ6YA7,Jeremie,Back,28,Male,$81005.53,8.56
01JMRS0P49PCG3VSSSE2X8BZ67,Rhona,Booton,29,Female,$14963.67,5.51
01JMRS0P49Q8ZGGBCRF3M9WPGE,Ginni,Gyford,27,Female,$75515.09,4.35
